Tên	STT	Loại	Dân số (người)	Diện tích (km2)	Mật độ (người/km2)	Sáp nhập toàn bộ từ	Sáp nhập một phần từ	Giáp ranh	Trụ sở hành chính 1	Địa chỉ trụ sở hành chính 1	Full Address 1	Latitude 1	Longitude 1	Trụ sở hành chính 2	Địa chỉ trụ sở hành chính 2	Full Address 2	Latitude 2	Longitude 2	Ghi chú trụ sở
An Đông	1	Phường	81229	1.32	61537.12	Phường 5 (Quận 5), Phường 7 (Quận 5), Phường 9 (Quận 5)		phường Chợ Quán, phường Chợ Lớn, phường Chánh Hưng, phường Diên Hồng, phường Vườn Lài và phường Phú Định	Rạp Đồng Tháp	số 780 Trần Hưng Đạo, phường 7, quận 5	Rạp Đồng Tháp số 780 Trần Hưng Đạo, phường 7, quận 5 	10.7542648	106.676138			  			
An Hội Đông	2	Phường	123681	3.29	37593.01	Phường 15 (Quận Gò Vấp), Phường 16 (Quận Gò Vấp)		phường An Hội Tây, phường Thông Tây Hội, phường Gò Vấp, phường Thới An và phường An Phú Đông	Trung tâm chính trị quận Gò Vấp	số 330 Thống Nhất, phường 16, quận Gò Vấp	Trung tâm chính trị quận Gò Vấp số 330 Thống Nhất, phường 16, quận Gò Vấp 	10.8421733	106.6650622			  			
An Hội Tây	3	Phường	121004	3.81	31759.58	Phường 12 (Quận Gò Vấp), Phường 14 (Quận Gò Vấp)		phường Thông Tây Hội, phường An Hội Đông, phường Đông Hưng Thuận, phường Tân Thới Hiệp, phường Thới An và phường Tân Sơn	UBND phường 14	số 397 Phan Huy Ích, phường 14, quận Gò Vấp	UBND phường 14 số 397 Phan Huy Ích, phường 14, quận Gò Vấp 	10.844142	106.6400125			  			
An Khánh	4	Phường	76967	15.33	5020.68	Phường An Khánh (TP. Thủ Đức), Phường An Lợi Đông (TP. Thủ Đức), Phường Thảo Điền (TP. Thủ Đức), Phường Thủ Thiêm (TP. Thủ Đức)	Phường An Phú (TP. Thủ Đức)	phường Bình Trưng, phường Thủ Đức, phường Sài Gòn, phường Xóm Chiếu, phường Tân Thuận, phường Thạnh Mỹ Tây và phường Bình Quới	UBND phường Thủ Thiêm	số 10 đường D2, phường Thủ Thiêm, TP.Thủ Đức	UBND phường Thủ Thiêm số 10 đường D2, phường Thủ Thiêm, TP.Thủ Đức 	10.7811443	106.723595			  			
An Lạc	5	Phường	172134	10.47	16440.69	Phường An Lạc (Quận Bình Tân), Phường An Lạc A (Quận Bình Tân), Phường Bình Trị Đông B (Quận Bình Tân)		phường Bình Trị Đông, phường Tân Tạo, phường Bình Phú, phường Phú Lâm, phường Phú Định và xã Tân Nhựt	UBND quận Bình Tân	số 521 Kinh Dương Vương, phường An Lạc, quận Bình Tân	UBND quận Bình Tân số 521 Kinh Dương Vương, phường An Lạc, quận Bình Tân 	10.7368886	106.6148779			  			
An Long	6	Xã	17906	100.04	179	Xã An Linh (H. Phú Giáo), Xã An Long (H. Phú Giáo), Xã Tân Long (H. Phú Giáo)		xã Phước Thành, xã Bàu Bàng, xã Trừ Văn Thố, xã Phước Hoà, phường Bến Cát, phường Chánh Phú Hoà và tỉnh Đồng Nai	UBND xã An Long	ấp Xóm Quạt, xã An Long, huyện Phú Giáo	UBND xã An Long ấp Xóm Quạt, xã An Long, huyện Phú Giáo 	11.3522076	106.6876259			  			
An Nhơn	7	Phường	111498	3.23	34519.5	Phường 5 (Quận Gò Vấp), Phường 6 (Quận Gò Vấp)		phường Hạnh Thông, phường Gò Vấp, phường An Phú Đông, phường Bình Lợi Trung	UBND phường 5	số 394 Nguyễn Thái Sơn, phường 5, quận Gò Vấp	UBND phường 5 số 394 Nguyễn Thái Sơn, phường 5, quận Gò Vấp 	10.8249406	106.6879442			  			
An Nhơn Tây	8	Xã	40896	77.7	526.33	Xã Phú Mỹ Hưng (H. Củ Chi), Xã An Phú (H. Củ Chi), Xã An Nhơn Tây (H. Củ Chi)		xã Thái Mỹ, xã Nhuận Đức, phường Tây Nam và tỉnh Tây Ninh	UBND xã An Nhơn Tây	số 1407 tỉnh lộ 7, xã An Nhơn Tây, huyện Củ Chi	UBND xã An Nhơn Tây số 1407 tỉnh lộ 7, xã An Nhơn Tây, huyện Củ Chi 	11.0874741	106.5127207			  			
An Phú	9	Phường	162930	16.85	9669.44	Phường An Phú (TP. Thuận An)	Phường Bình Chuẩn (TP. Thuận An)	phường Tân Đông Hiệp, phường Thuận Giao, phường Bình Hoà, phường Dĩ An và phường Tân Khánh	UBND phường An Phú	đường ĐT743, khu phố 1A, phường An Phú, TP.Thuận An	UBND phường An Phú đường ĐT743, khu phố 1A, phường An Phú, TP.Thuận An 	10.9279182	106.741764			  			
An Phú Đông	10	Phường	179115	14.59	12276.56	Phường An Phú Đông (Quận 12), Phường Thạnh Lộc (Quận 12)		phường Thới An, phường Hiệp Bình, phường Bình Lợi Trung, phường An Nhơn và phường Lái Thiêu, phường Bình Hoà	UBND phường Thạnh Lộc	số 540 Hà Huy Giáp, khu phố 17, phường Thạnh Lộc, quận 12	UBND phường Thạnh Lộc số 540 Hà Huy Giáp, khu phố 17, phường Thạnh Lộc, quận 12 	10.8776915	106.6787743			  			
An Thới Đông	11	Xã	22607	257.85	87.68	Xã Lý Nhơn (H. Cần Giờ)	Xã An Thới Đông (H. Cần Giờ)	xã Bình Khánh, xã Cần Giờ, xã Hiệp Phước, tỉnh Tây Ninh, tỉnh Tiền Giang và Biển Đông	UBND xã An Thới Đông	ấp An Hòa 1, xã An Thới Đông, huyện Cần Giờ	UBND xã An Thới Đông ấp An Hòa 1, xã An Thới Đông, huyện Cần Giờ 	10.5903984	106.7893518			  			
Bà Điểm	12	Xã	204289	27.36	7466.7	Xã Xuân Thới Thượng (H. Hóc Môn), Xã Bà Điểm (H. Hóc Môn), Xã Trung Chánh (H. Hóc Môn)		xã Đông Thạnh, xã Xuân Thới Sơn, xã Hóc Môn, phường Đông Hưng Thuận, phường Trung Mỹ Tây, phường Bình Tân và xã Vĩnh Lộc	UBND xã Bà Điểm	số 14/9 Phan Văn Hớn, xã Bà Điểm, huyện Hóc Môn	UBND xã Bà Điểm số 14/9 Phan Văn Hớn, xã Bà Điểm, huyện Hóc Môn 	10.8401422	106.5990265			  			
Bà Rịa	13	Phường	52265	15.55	3361.09	Phường Phước Trung, Phường Phước Nguyên, Phường Long Toàn, Phường Phước Hưng (TP. Bà Rịa)		phường Long Hương, phường Tam Long, phường Phước Thắng và xã Long Điền	UBND TP Bà Rịa	số 137 đường 27/4, phường Phước Trung, TP.Bà Rịa	UBND TP Bà Rịa số 137 đường 27/4, phường Phước Trung, TP.Bà Rịa 	10.4986631	107.1680114			  			
Bắc Tân Uyên	14	Xã	27964	143.69	194.61	Xã Đất Cuốc (H. Bắc Tân Uyên), Xã Tân Định (H. Bắc Tân Uyên), Thị trấn Tân Thành (H. Bắc Tân Uyên)		xã Thường Tân, xã Phước Hoà, xã Phú Giáo, phường Tân Uyên, phường Bình Cơ và tỉnh Đồng Nai	UBND huyện Bắc Tân Uyên	khu phố 2, thị trấn Tân Thành, huyện Bắc Tân Uyên	UBND huyện Bắc Tân Uyên khu phố 2, thị trấn Tân Thành, huyện Bắc Tân Uyên 	11.1273935	106.8516638			  			
Bàn Cờ	15	Phường	67616	0.99	68298.99	Phường 1 (Quận 3), Phường 2 (Quận 3), Phường 3 (Quận 3), Phường 5 (Quận 3)	Phường 4 (Quận 3)	phường Xuân Hoà, phường Vười Lài, phường Bến Thành, phường Cầu Ông Lãnh, phường Chợ Quán	UBND phường Bàn Cờ	số 611/20 Điện Biên Phủ, phường 1, quận 3	UBND phường Bàn Cờ số 611/20 Điện Biên Phủ, phường 1, quận 3 	10.7685045	106.6771294			  			
Bàu Bàng	16	Xã	42219	84.09	502.07		Thị trấn Lai Uyên (H. Bàu Bàng)	xã An Long, xã Long Hoà, xã Trừ Văn Thố, phường Bến Cát và phường Long Nguyên	UBND huyện Bàu Bàng	khu đô thị Bàu Bàng, thị trấn Lai Uyên, huyện Bàu Bàng	UBND huyện Bàu Bàng khu đô thị Bàu Bàng, thị trấn Lai Uyên, huyện Bàu Bàng 	11.2471068	106.6369696			  			
Bàu Lâm	17	Xã	22567	123.83	182.24	Xã Tân Lâm (H. Xuyên Mộc), Xã Bàu Lâm (H. Xuyên Mộc)		xã Hoà Hiệp, xã Hoà Hội, xã Xuân Sơn và tỉnh Đồng Nai	UBND Xã Bàu Lâm	tỉnh lộ 328, ấp 2 Đông, xã Bàu Lâm, huyện Xuyên Mộc	UBND Xã Bàu Lâm tỉnh lộ 328, ấp 2 Đông, xã Bàu Lâm, huyện Xuyên Mộc 	10.6858399	107.3891395			  			
Bảy Hiền	18	Phường	132252	2.86	46241.96	Phường 10 (Quận Tân Bình), Phường 11 (Quận Tân Bình), Phường 12 (Quận Tân Bình)		phường Tân Hoà, phường Tân Bình, phường Tân Sơn Nhất, phường Tân Sơn và phường Tân Phú	UBND phường 10	số 290 Âu Cơ, phường 10, quận Tân Bình	UBND phường 10 số 290 Âu Cơ, phường 10, quận Tân Bình 	10.7755338	106.6476308			  			
Bến Cát	19	Phường	97928	100.89	970.64	Xã Lai Hưng (H. Bàu Bàng), Xã Tân Hưng (H. Bàu Bàng)	Phường Mỹ Phước (TP. Bến Cát)	phường Chánh Phú Hoà, phường Long Nguyên, phường Thới Hoà, xã Bàu Bàng và xã An Long	UBND TP Bến Cát	đường 30/4, khu phố 2, phường Mỹ Phước, TP.Bến Cát	UBND TP Bến Cát đường 30/4, khu phố 2, phường Mỹ Phước, TP.Bến Cát 	11.1510301	106.593899			  			
Bến Thành	20	Phường	71875	1.85	38851.35	Phường Bến Thành (Quận 1), Phường Phạm Ngũ Lão (Quận 1)	Phường Cầu Ông Lãnh (Quận 1), Phường Nguyễn Thái Bình (Quận 1)	phường Sài Gòn, phường Cầu Ông Lãnh, phường Xuân Hoà, phường Bàn Cờ, phường Xóm Chiếu, phường Khánh Hội	UBND phường Bến Thành	số 92 Nguyễn Trãi, phường Bến Thành, quận 1	UBND phường Bến Thành số 92 Nguyễn Trãi, phường Bến Thành, quận 1 	10.7701847	106.691297			  			
Bình Chánh	21	Xã	76187	21.33	3571.82	Xã Bình Chánh (H. Bình Chánh), Xã Tân Quý Tây (H. Bình Chánh)	Xã An Phú Tây (H. Bình Chánh)	xã Tân Nhựt, xã Bình Hưng, xã Hưng Long, phường Bình Đông và tỉnh Tây Ninh	UBND xã Tân Quý Tây	số 260 hương lộ 11, ấp 2, xã Tân Quý Tây	UBND xã Tân Quý Tây số 260 hương lộ 11, ấp 2, xã Tân Quý Tây 	10.6573933	106.5881796	UBND An Phú Tây	368-B/2 Ấp 2, An Phú Tây, Bình Chánh, Hồ Chí Minh	UBND An Phú Tây  368-B/2 Ấp 2, An Phú Tây, Bình Chánh, Hồ Chí Minh	10.6880126	106.6085003	
Bình Châu	22	Xã	26054	87.06	299.26	Xã Bình Châu (H. Xuyên Mộc) (giữ nguyên)		xã Xuyên Mộc, xã Hoà Hội, xã Hoà Hiệp, tỉnh Lâm Đồng và Biển Đông	UBND xã Bình Châu	quốc lộ 55, ấp Láng Găng, xã Bình Châu, huyện Xuyên Mộc	UBND xã Bình Châu quốc lộ 55, ấp Láng Găng, xã Bình Châu, huyện Xuyên Mộc 	10.5603904	107.5411257			  			
Bình Cơ	23	Phường	64601	73.69	876.66	Xã Bình Mỹ (H. Bắc Tân Uyên), Phường Hội Nghĩa (TP. Tân Uyên)		phường Tân Uyên, phường Vĩnh Tân, phường Tân Hiệp, xã Bắc Tân Uyên, xã Phước Hoà	UBND phường Hội Nghĩa	đường ĐT 747, phường Hội Nghĩa, TP.Tân Uyên	UBND phường Hội Nghĩa đường ĐT 747, phường Hội Nghĩa, TP.Tân Uyên 	11.1082081	106.7599195			  			
Bình Đông	24	Phường	155555	8.93	17419.37	Phường 6 (Quận 8)	Phường 7 (Quận 8), Phường 5 (Quận 8), Xã An Phú Tây (Huyện Bình Chánh)	phường Chánh Hưng, phường Phú Định, xã Tân Nhựt, xã Bình Chánh và xã Bình Hưng	UBND phường 6	số 1096 Tạ Quang Bửu, phường 6, quận 8	UBND phường 6 số 1096 Tạ Quang Bửu, phường 6, quận 8 	10.7348097	106.6655601			  			
Bình Dương	25	Phường	107576	58.16	1849.62	Phường Hoà Phú (TP. Thủ Dầu Một), Phường Phú Mỹ (TP. Thủ Dầu Một), Phường Phú Tân (TP. Thủ Dầu Một), Phường Phú Chánh (TP. Tân Uyên)		phường Vĩnh Tân, phường Tân Hiệp, phường Tân Khánh, phường Hoà Lợi, phường Chánh Hiệp và phường Phú Lợi	UBND phường Hòa Phú	đường Võ Nguyên Giáp, khu phố 1, phường Hoà Phú, TP.Thủ Dầu Một.	UBND phường Hòa Phú đường Võ Nguyên Giáp, khu phố 1, phường Hoà Phú, TP.Thủ Dầu Một. 	11.0700837	106.6706935			  			
Bình Giã	26	Xã	34262	66.96	511.68	Xã Bình Trung (H. Châu Đức), Xã Bình Giã (H. Châu Đức), Xã Quảng Thành (H. Châu Đức)		xã Châu Đức, xã Kim Long, xã Ngãi Giao, xã Nghĩa Thành, xã Xuân Sơn và tỉnh Đồng Nai	UBND Xã Bình Giã	ấp Vĩnh Bình, xã Bình Giã, huyện Châu Đức	UBND Xã Bình Giã ấp Vĩnh Bình, xã Bình Giã, huyện Châu Đức 	10.6453226	107.2549221			  			
Bình Hoà	27	Phường	120035	18.49	6491.89	Phường Bình Hoà (TP. Thuận An)	Phường Vĩnh Phú (TP. Thuận An)	phường Dĩ An, phường Lái Thiêu, phường Thuận Giao, phường An Phú, phường An Phú Đông, phường Hiệp Bình và phường Tam Bình	UBND phường Bình Hoà	đường ĐT743B, phường Bình Hoà, TP.Thuận An	UBND phường Bình Hoà đường ĐT743B, phường Bình Hoà, TP.Thuận An 	10.9013647	106.7139572			  			
Bình Hưng	28	Xã	183697	32.63	5630.98	Xã Bình Hưng (H. Bình Chánh), Xã Phong Phú (H. Bình Chánh)	Phường 7 (Quận 8)	xã Hưng Long, xã Bình Chánh, xã Tân Nhựt, phường Chánh Hưng, phường Bình Đông, phường Tân Hưng, xã Nhà Bè, xã Hiệp Phước	UBND xã Phong Phú	số D11/314 Trịnh Quang Nghị, ấp 4, xã Phong Phú	UBND xã Phong Phú số D11/314 Trịnh Quang Nghị, ấp 4, xã Phong Phú 	10.6942341	106.6520949	UBND xã Bình Hưng	10 đường số 10, xã Bình Hưng, Bình Chánh	UBND xã Bình Hưng 10 đường số 10, xã Bình Hưng, Bình Chánh 	10.7267236	106.6547474	
Bình Hưng Hoà	29	Phường	187950	8.47	22189.96	Phường Bình Hưng Hoà (Quận Bình Tân)	Phường Bình Hưng Hoà A (Quận Bình Tân), Phường Sơn Kỳ (Quận Tân Phú)	phường Bình Tân, phường Bình Trị Đông, phường Đông Hưng Thuận, phường Tây Thạnh, phường Tân Sơn Nhì, phường Phú Thọ Hoà và phường Phú Thạnh	UBND phường Bình Hưng Hoà A	số 621 Tân Kỳ Tân Quý, phường Bình Hưng Hòa A, quận Bình Tân	UBND phường Bình Hưng Hoà A số 621 Tân Kỳ Tân Quý, phường Bình Hưng Hòa A, quận Bình Tân 	10.7942213	106.6101615			  			
Bình Khánh	30	Xã	35482	158.28	224.17	Xã Bình Khánh (H. Cần Giờ), Xã Tam Thôn Hiệp (H. Cần Giờ)	Xã An Thới Đông (H. Cần Giờ)	xã An Thới Đông, xã Cần Giờ, xã Thạnh An, xã Nhà Bè, xã Hiệp Phước và tỉnh Đồng Nai	UBND xã Bình Khánh	đường Rừng Sác, ấp Bình An 1, xã Bình Khánh, huyện Cần Giờ	UBND xã Bình Khánh đường Rừng Sác, ấp Bình An 1, xã Bình Khánh, huyện Cần Giờ 	10.6441277	106.7876132			  			
Bình Lợi	31	Xã	47180	54.18	870.8	Xã Bình Lợi (H. Bình Chánh), Xã Lê Minh Xuân (H. Bình Chánh)		xã Tân Vĩnh Lộc, xã Tân Nhựt, phường Bình Tân, phường Tân Tạo và tỉnh Tây Ninh	UBND xã Lê Minh Xuân	số 1905 Trần Văn Giàu, ấp 6, xã Lê Minh Xuân, huyện Bình Chánh	UBND xã Lê Minh Xuân số 1905 Trần Văn Giàu, ấp 6, xã Lê Minh Xuân, huyện Bình Chánh 	10.7773582	106.5375054			  			
Bình Lợi Trung	32	Phường	116121	3.89	29851.16	Phường 5 (Quận Bình Thạnh), Phường 11 (Quận Bình Thạnh), Phường 13 (Quận Bình Thạnh)		phường Bình Thạnh, phường Hiệp Bình, phường An Phú Đông, phường Hạnh Thông, phường An Nhơn và phường Đức Nhuận	UBND phường 13	số 355 - 355/5 Nơ Trang Long, phường 13, quận Bình Thạnh	UBND phường 13 số 355 - 355/5 Nơ Trang Long, phường 13, quận Bình Thạnh 	10.8205051	106.7024193			  			
Bình Mỹ	33	Xã	99675	54.44	1830.93	Xã Bình Mỹ (H. Củ Chi), Xã Trung An (H. Củ Chi), Xã Hoà Phú (H. Củ Chi)		xã Phú Hoà Đông, xã Đông Thạnh, xã Hóc Môn, phường Phú An, phường Chánh Hiệp, phường Thủ Dầu Một và phường Thuận An	UBND xã Hoà Phú	số 1627 ấp 1A, xã Hòa Phú, huyện Củ Chi	UBND xã Hoà Phú số 1627 ấp 1A, xã Hòa Phú, huyện Củ Chi 	10.9798659	106.616409			  			
Bình Phú	34	Phường	75925	2.86	26547.2	Phường 10 (Quận 6), Phường 11 (Quận 6)	Phường 16 (Quận 8)	phường Bình Tiên, phường Phú Lâm, phường Bình Tây, phường An Lạc, phường Phú Định	Quận đoàn quận 6	số 15 Chợ Lớn, phường 11, quận 6	Quận đoàn quận 6 số 15 Chợ Lớn, phường 11, quận 6 	10.745922	106.6340882			  			
Bình Quới	35	Phường	46200	6.34	7287.07	Phường 27 (Quận Bình Thạnh), Phường 28 (Quận Bình Thạnh)		phường Thạnh Mỹ Tây, phường Bình Thạnh, phường Hiệp Bình, phường Thủ Đức, phường An Khánh	UBND phường 27	số 1 khu hành chính Thanh Đa, phường 27, quận Bình Thạnh	UBND phường 27 số 1 khu hành chính Thanh Đa, phường 27, quận Bình Thạnh 	10.8155324	106.7205799			  			
Bình Tân	36	Phường	161851	11.25	14386.76	Phường Bình Hưng Hoà B (Quận Bình Tân)	Phường Bình Trị Đông A (Quận Bình Tân), Phường Tân Tạo (Quận Bình Tân)	phường Tân Tạo, phường Bình Hưng Hoà, phường Bình Trị Đông, xã Vĩnh Lộc, xã Tân Vĩnh Lộc, xã Bình Lợi và xã Bà Điểm	UBND phường Bình Hưng Hoà B	số 43 đường số 16, phường Bình Hưng Hòa B, quận Bình Tân	UBND phường Bình Hưng Hoà B số 43 đường số 16, phường Bình Hưng Hòa B, quận Bình Tân 	10.8132084	106.5938285			  			
Bình Tây	37	Phường	63293	1.05	60279.05	Phường 2 (Quận 6), Phường 9 (Quận 6)		phường Bình Tiên, phường Bình Phú, phường Phú Lâm, phường Chợ Lớn, phường Minh Phụng	UBND phường 2	số 154 Tháp Mười, phường 2, quận 6	UBND phường 2 số 154 Tháp Mười, phường 2, quận 6 	10.750568	106.653062			  			
Bình Thạnh	38	Phường	126300	3.32	38042.17	Phường 12 (Quận Bình Thạnh), Phường 14 (Quận Bình Thạnh), Phường 26 (Quận Bình Thạnh)		phường Gia Định, phường Bình Lợi Trung, phường Thạnh Mỹ Tây, phường Bình Quới	UBND quận Bình Thạnh	số 6 - 6A Phan Đăng Lưu, phường 14, quận Bình Thạnh	UBND quận Bình Thạnh số 6 - 6A Phan Đăng Lưu, phường 14, quận Bình Thạnh 	10.8028235	106.6962029			  			
Bình Thới	39	Phường	76478	1.52	50314.47	Phường 3 (Quận 11), Phường 10 (Quận 11)	Phường 8 (Quận 11)	phường Minh Phụng, phường Phú Thọ, phường Hoà Bình, phường Phú Lâm, phường Tân Phú	UBND quận 11	số 268 - 270 Bình Thới, phường 10, quận 11	UBND quận 11 số 268 - 270 Bình Thới, phường 10, quận 11 	10.763878	106.6435955			  			
Bình Tiên	40	Phường	91520	1.61	56844.72	Phường 1 (Quận 6), Phường 7 (Quận 6), Phường 8 (Quận 6)		phường Bình Tây, phường Phú Định, phường Bình Phú, phường Chợ Lớn	UBND quận 6	số 107 Cao Văn Lầu, phường 1, quận 6	UBND quận 6 số 107 Cao Văn Lầu, phường 1, quận 6 	10.7466025	106.6491769			  			
Bình Trị Đông	41	Phường	165142	7.15	23096.78	Phường Bình Trị Đông (Quận Bình Tân)	Phường Bình Trị Đông A (Quận Bình Tân), Phường Bình Hưng Hoà A (Quận Bình Tân)	phường Bình Tân, phường Bình Hưng Hoà, phường An Lạc, phường Tân Tạo, phường Phú Lâm và phường Phú Thạnh	UBND phường Bình Trị Đông A	số 162 Mã Lò, phường Bình Trị Đông A, quận Bình Tân	UBND phường Bình Trị Đông A số 162 Mã Lò, phường Bình Trị Đông A, quận Bình Tân 	10.7645522	106.6043003			  			
Bình Trưng	42	Phường	121382	14.82	8190.42	Phường Bình Trưng Đông (TP. Thủ Đức), Phường Bình Trưng Tây (TP. Thủ Đức)	Phường An Phú (TP. Thủ Đức)	phường Phước Long, phường Long Trường, phường An Khánh, phường Cát Lái và phường Tân Thuận	UBND phường Bình Trưng Đông	số 8 Hồ Thị Nhung, khu phố 4, phường Bình Trưng Đông, TP.Thủ Đức	UBND phường Bình Trưng Đông số 8 Hồ Thị Nhung, khu phố 4, phường Bình Trưng Đông, TP.Thủ Đức 	10.7892107	106.7719022			  			
Cần Giờ	43	Xã	27130	157.01	172.79	Xã Long Hoà (H. Cần Giờ), Thị trấn Cần Thạnh (H. Cần Giờ)		xã Bình Khánh, xã An Thới Đông, xã Thạnh An và Biển Đông	UBND huyện Cần Giờ	đường Lương Văn Nho, khu phố Giồng Ao, thị trấn Cần Thạnh, huyện Cần Giờ	UBND huyện Cần Giờ đường Lương Văn Nho, khu phố Giồng Ao, thị trấn Cần Thạnh, huyện Cần Giờ 	10.4112792	106.9547322			  			
Cát Lái	44	Phường	68654	19.65	3493.84	Phường Cát Lái (TP. Thủ Đức), Phường Thạnh Mỹ Lợi (TP. Thủ Đức)		phường Bình Trưng, phường Long Trường, phường Tân Thuận, phường Phú Thuận và tỉnh Đồng Nai	UBND phường Thạnh Mỹ Lợi	số 560 Trương Gia Mô, phường Thạnh Mỹ Lợi, TP.Thủ Đức	UBND phường Thạnh Mỹ Lợi số 560 Trương Gia Mô, phường Thạnh Mỹ Lợi, TP.Thủ Đức 	10.7706053	106.7704032			  			
Cầu Kiệu	45	Phường	62663	1.23	50945.53	Phường 1 (Quận Phú Nhuận), Phường 2 (Quận Phú Nhuận), Phường 7 (Quận Phú Nhuận)	Phường 15 (Quận Phú Nhuận)	phường Đức Nhuận, phường Phú Nhuận, phường Tân Định, phường Gia Định	UBND phường 15	số 67 - 69 Nguyễn Đình Chính, phường 15, quận Phú Nhuận	UBND phường 15 số 67 - 69 Nguyễn Đình Chính, phường 15, quận Phú Nhuận 	10.7963904	106.6793945			  			
Cầu Ông Lãnh	46	Phường	78734	1.6	49208.75	Phường Nguyễn Cư Trinh (Quận 1), Phường Cầu Kho (Quận 1), Phường Cô Giang (Quận 1)	Phường Cầu Ông Lãnh (Quận 1)	phường Bến Thành, phường Bàn Cờ, phường Chợ Quán, phường Khánh Hội, phường Vĩnh Hội	TT Bồi dưỡng chính trị quận 1	số 275 Nguyễn Trãi, phường Nguyễn Cư Trinh, quận 1	TT Bồi dưỡng chính trị quận 1 số 275 Nguyễn Trãi, phường Nguyễn Cư Trinh, quận 1 	10.7654678	106.6886031			  			
Chánh Hiệp	47	Phường	57176	19.89	2874.56	Phường Định Hoà (TP. Thủ Dầu Một), Phường Tương Bình Hiệp (TP. Thủ Dầu Một)	Phường Hiệp An (TP. Thủ Dầu Một), Phường Chánh Mỹ (TP. Thủ Dầu Một)	phường Bình Dương, phường Phú Lợi, phường Thủ Dầu Một, phường Phú An, phường Hoà Lợi và xã Bình Mỹ	UBND phường Tương Bình Hiệp	số 279 Hồ Văn Cống, phường Tương Bình Hiệp, TP.Thủ Dầu Một	UBND phường Tương Bình Hiệp số 279 Hồ Văn Cống, phường Tương Bình Hiệp, TP.Thủ Dầu Một 	11.0089965	106.6333715			  			
Chánh Hưng	48	Phường	190707	4.61	41368.11	Phường Rạch Ông (Quận 8), Phường Hưng Phú (Quận 8), Phường 4 (Quận 8)	Phường 5 (Quận 8)	phường Bình Đông, phường Phú Định, phường Chợ Quán, phường An Đông, phường Tân Hưng, phường Vĩnh Hội và xã Bình Hưng	UBND quận 8	số 2 - 4 Dương Quang Đông, phường 5, quận 8	UBND quận 8 số 2 - 4 Dương Quang Đông, phường 5, quận 8 	10.740333	106.6654137			  			
Chánh Phú Hoà	49	Phường	53916	69.54	775.33	Phường Chánh Phú Hoà (TP. Bến Cát), Xã Hưng Hoà (H. Bàu Bàng)		phường Vĩnh Tân, phường Bến Cát, phường Hoà Lợi, phường Thới Hoà, xã Phước Hoà và xã An Long	UBND phường Chánh Phú Hòa	đường ĐTT 741, phường Chánh Phú Hòa, TP.Bến Cát	UBND phường Chánh Phú Hòa đường ĐTT 741, phường Chánh Phú Hòa, TP.Bến Cát 	11.144154	106.6699444			  			
Châu Đức	50	Xã	28240	84.66	333.57	Xã Cù Bị (H. Châu Đức), Xã Xà Bang (H. Châu Đức)		xã Bình Giã, xã Kim Long, phường Tân Thành và tỉnh Đồng Nai	UBND Xã Xà Bang	ấp Liên Lộc, xã Xà Bang, huyện Châu Đức	UBND Xã Xà Bang ấp Liên Lộc, xã Xà Bang, huyện Châu Đức 	19.9441873	105.9200531			  			
Châu Pha	51	Xã	25438	65.64	387.52	Xã Tóc Tiên (TP. Phú Mỹ), Xã Châu Pha (TP. Phú Mỹ)		phường Long Hương, phường Tân Hải, phường Tân Phước, phường Phú Mỹ, phường Tân Thành, xã Ngãi Giao và xã Nghĩa Thành	UBND Xã Châu Pha	thôn Tân Lễ B, xã Châu Pha, TP.Phú Mỹ	UBND Xã Châu Pha thôn Tân Lễ B, xã Châu Pha, TP.Phú Mỹ 	10.5735425	107.160176			  			
Chợ Lớn	52	Phường	85066	1.67	50937.72	Phường 11 (Quận 5), Phường 12 (Quận 5), Phường 13 (Quận 5), Phường 14 (Quận 5)		phường An Đông, phường Phú Định, phường Bình Tây, phường Bình Tiên, phường Diên Hồng và phường Minh Phụng		số 279 Hải Thượng Lãn Ông, phường 13, quận 5	 số 279 Hải Thượng Lãn Ông, phường 13, quận 5 	10.7506029	106.6550566			  			xây mới
Chợ Quán	53	Phường	63545	1.28	49644.53	Phường 1 (Quận 5), Phường 2 (Quận 5), Phường 4 (Quận 5)		phường An Đông, phường Cầu Ông Lãnh, phường Vườn Lài, phường Chánh Hưng, phường Vĩnh Hội và phường Bàn Cờ		số 462 - 464 - 466 An Dương Vương, phường 4, quận 5	 số 462 - 464 - 466 An Dương Vương, phường 4, quận 5 	10.7587371	106.6765588			  			xây mới
Côn Đảo	54	Đặc khu	6502	75.79	85.79	Định hướng chuyển thành đặc khu từ toàn bộ Huyện Côn Đảo		không	UBND huyện Côn Đảo	28 Tôn Đức Thắng, huyện Côn Đảo	UBND huyện Côn Đảo 28 Tôn Đức Thắng, huyện Côn Đảo 	8.682211	106.6072676			  			
Củ Chi	55	Xã	128661	64.88	1983.06	Xã Tân Phú Trung (H. Củ Chi), Xã Tân Thông Hội (H. Củ Chi), Xã Phước Vĩnh An (H. Củ Chi)		xã Tân An Hội, xã Nhuận Đức, xã Phú Hoà Đông, xã Hóc Môn, xã Xuân Thới Sơn và tỉnh Tây Ninh	UBND xã Tân Phú Trung	số 314 Phan Văn Khải (quốc lộ 22), xã Tân Phú Trung, huyện Củ Chi	UBND xã Tân Phú Trung số 314 Phan Văn Khải (quốc lộ 22), xã Tân Phú Trung, huyện Củ Chi 	10.9399106	106.5395242			  			
Đất Đỏ	56	Xã	43862	119.77	366.23	Thị trấn Đất Đỏ, Xã Láng Dài, Xã Long Tân, Xã Phước Long Thọ (H. Long Đất)		phường Tam Long, xã Long Điền, xã Phước Hải, xã Hồ Tràm, xã Xuân Sơn và xã Nghĩa Thành	UBND huyện Long Đất	đường Võ Thị Sáu, khu phố Hòa Hội, thị trấn Đất Đỏ, huyện Long Đất	UBND huyện Long Đất đường Võ Thị Sáu, khu phố Hòa Hội, thị trấn Đất Đỏ, huyện Long Đất 	10.4785109	107.2160292			  			
Dầu Tiếng	57	Xã	39056	182.68	213.79	Thị trấn Dầu Tiếng, Xã Định An, Xã Định Thành (H. Dầu Tiếng)	Xã Định Hiệp (H. Dầu Tiếng)	xã Long Hoà, xã Thanh An, xã Minh Thạnh và tỉnh Tây Ninh	UBND huyện Dầu Tiếng	khu phố 4B, thị trấn Dầu Tiếng, huyện Dầu Tiếng	UBND huyện Dầu Tiếng khu phố 4B, thị trấn Dầu Tiếng, huyện Dầu Tiếng 	11.2942987	106.3675374			  			
Dĩ An	58	Phường	227817	21.38	10655.61	Phường Dĩ An (TP. Dĩ An), Phường An Bình (TP. Dĩ An)	Phường Tân Đông Hiệp (TP. Dĩ An)	phường Đông Hoà, phường Bình Hoà, phường An Phú, phường Tân Đông Hiệp, phường Linh Xuân, phường Tam Bình	UBND TP Dĩ An	số 10 trung tâm hành chính TP.Dĩ An cũ, TP.Dĩ An	UBND TP Dĩ An số 10 trung tâm hành chính TP.Dĩ An cũ, TP.Dĩ An 	10.8950935	106.765865			  			
Diên Hồng	59	Phường	75633	1.86	40662.9	Phường 6 (Quận 10), Phường 8 (Quận 10)	Phường 14 (Quận 10)	phường Hoà Hưng, phường Vườn Lài, phường An Đông, phường Chợ Lớn, phường Minh Phụng, phường Phú Thọ và phường Tân Hoà	UBND phường 14	số 1A Thành Thái, phường 14, quận 10	UBND phường 14 số 1A Thành Thái, phường 14, quận 10 	10.7745236	106.6649861			  			
Đông Hoà	60	Phường	132056	21.89	6033.62	Phường Bình An (TP. Dĩ An), Phường Bình Thắng (TP. Dĩ An), Phường Đông Hoà (TP. Dĩ An)		phường Dĩ An, phường Tân Đông Hiệp, phường Long Bình, phường Linh Xuân và tỉnh Đồng Nai	UBND phường Đông Hòa	số 201 đường ĐT743A, khu phố Bình Thung 2, phường Bình An, TP.Dĩ An	UBND phường Đông Hòa số 201 đường ĐT743A, khu phố Bình Thung 2, phường Bình An, TP.Dĩ An 	10.8986603	106.8088918			  			
Đông Hưng Thuận	61	Phường	182895	8.26	22142.25	Phường Tân Thới Nhất (Quận 12), Phường Tân Hưng Thuận (Quận 12), Phường Đông Hưng Thuận (Quận 12)		phường Trung Mỹ Tây, phường Tân Thới Hiệp, phường An Hội Tây, phường Tân Sơn, phường Bình Hưng Hoà, phường Tây Thạnh và xã Bà Điểm	UBND phường Tân Thới Nhất	số 68 Tân Thới Nhất 14, phường Tân Thới Nhất, quận 12	UBND phường Tân Thới Nhất số 68 Tân Thới Nhất 14, phường Tân Thới Nhất, quận 12 	10.8258709	106.6161443			  			
Đông Thạnh	62	Xã	190400	30.16	6312.99	Xã Đông Thạnh (H. Hóc Môn), Xã Nhị Bình (H. Hóc Môn), Xã Thới Tam Thôn (H. Hóc Môn)		Xã Bà Điểm, xã Hóc Môn, xã Bình Mỹ, phường Trung Mỹ Tây, phường Thới An, phường Tân Thới Hiệp, phường An Phú Đông, phường Thuận An và phường Lái Thiêu	UBND xã Đông Thạnh	số 250 Đặng Thúc Vịnh, ấp 7, xã Đông Thạnh, huyện Hóc Môn	UBND xã Đông Thạnh số 250 Đặng Thúc Vịnh, ấp 7, xã Đông Thạnh, huyện Hóc Môn 	10.9044927	106.6358119			  			
Đức Nhuận	63	Phường	71495	2.17	32946.99	Phường 4 (Quận Phú Nhuận), Phường 5 (Quận Phú Nhuận), Phường 9 (Quận Phú Nhuận)		phường Cầu Kiệu, phường Phú Nhuận, phường Tân Sơn Hoà, phường Hạnh Thông, phường Bình Lợi Trung và phường Gia Định	UBND phường 5	số 94 Phan Đăng Lưu, phường 5, quận Phú Nhuận	UBND phường 5 số 94 Phan Đăng Lưu, phường 5, quận Phú Nhuận 	10.809848	106.6835559			  			
Gia Định	64	Phường	125946	2.76	45632.61	Phường 1 (Quận Bình Thạnh), Phường 2 (Quận Bình Thạnh), Phường 7 (Quận Bình Thạnh), Phường 17 (Quận Bình Thạnh)		phường Thạnh Mỹ Tây, phường Bình Thạnh, phường Bình Lợi Trung, phường Sài Gòn, phường Tân Định, phường Đức Nhuận và phường Cầu Kiệu	Nhà thiếu nhi quận Bình Thạnh	số 134 Lê Văn Duyệt, phường 1, quận Bình Thạnh	Nhà thiếu nhi quận Bình Thạnh số 134 Lê Văn Duyệt, phường 1, quận Bình Thạnh 	10.7987261	106.6965007			  			
Gò Vấp	65	Phường	110850	2.81	39448.4	Phường 10 (Quận Gò Vấp), Phường 17 (Quận Gò Vấp)		phường Hạnh Thông, phường An Nhơn, phường Thông Tây Hội, phường An Hội Đông và phường Tân Sơn	UBND quận Gò Vấp	số 332 Quang Trung, phường 10, quận Gò Vấp	UBND quận Gò Vấp số 332 Quang Trung, phường 10, quận Gò Vấp 	10.8319219	106.669329			  			
Hạnh Thông	66	Phường	128865	3.37	38238.87	Phường 1 (Quận Gò Vấp), Phường 3 (Quận Gò Vấp)		phường An Nhơn, phường Bình Lợi Trung, phường Đức Nhuận, phường Xuân Hoà, phường Tân Sơn	UBND phường 3	số 23 Nguyễn Thái Sơn, phường 3, quận Gò Vấp	UBND phường 3 số 23 Nguyễn Thái Sơn, phường 3, quận Gò Vấp 	10.8203462	106.6827386			  			
Hiệp Bình	67	Phường	215638	16.01	13468.96	Phường Hiệp Bình Chánh (TP. Thủ Đức), Phường Hiệp Bình Phước (TP. Thủ Đức)	Phường Linh Đông (TP. Thủ Đức)	phường Tam Bình, phường Thủ Đức, phường Bình Quới, phường Bình Lợi Trung, phường An Phú Đông và phường Bình Hoà	UBND phường Hiệp Bình Chánh	số 2 đường số 5, phường Hiệp Bình Chánh, TP.Thủ Đức	UBND phường Hiệp Bình Chánh số 2 đường số 5, phường Hiệp Bình Chánh, TP.Thủ Đức 	10.8295724	106.7133757			  			
Hiệp Phước	68	Xã	67754	63.33	1069.86	Xã Nhơn Đức (H. Nhà Bè), Xã Long Thới (H. Nhà Bè), Xã Hiệp Phước (H. Nhà Bè)		xã Nhà Bè, xã Hưng Long, xã Bình Khánh, xã An Thới Đông và tỉnh Tây Ninh	UBND xã Long Thới	số 209 Nguyễn Văn Tạo, xã Long Thới, huyện Nhà Bè	UBND xã Long Thới số 209 Nguyễn Văn Tạo, xã Long Thới, huyện Nhà Bè 	10.6562443	106.7290045			  			
Hồ Tràm	69	Xã	51895	94.51	549.09	Thị trấn Phước Bửu, Xã Phước Tân, Xã Phước Thuận (H. Xuyên Mộc)		xã Phước Hải, xã Đất Đỏ, xã Xuân Sơn, xã Hoà Hội, xã Xuyên Mộc và Biển Đông	UBND huyện Xuyên Mộc	quốc lộ 55, thị trấn Phước Bửu, huyện Xuyên Mộc	UBND huyện Xuyên Mộc quốc lộ 55, thị trấn Phước Bửu, huyện Xuyên Mộc 	10.5379094	107.4063143			  			
Hoà Bình	70	Phường	69318	0.98	70732.65	Phường 5 (Quận 11), Phường 14 (Quận 11)		phường Bình Thới, phường Phú Thọ, phường Tân Phú, phường Tân Hoà	UBND phường 5	số 347 Lạc Long Quân, phường 5, quận 11	UBND phường 5 số 347 Lạc Long Quân, phường 5, quận 11 	10.7703634	106.6445325			  			
Hoà Hiệp	71	Xã	25995	99.28	261.83	Xã Hoà Hiệp (H. Xuyên Mộc) (giữ nguyên)		xã Bàu Lâm, xã Hoà Hội, xã Bình Châu và tỉnh Lâm Đồng	UBND xã Hoà Hiệp	tỉnh lộ 329, ấp Phú Bình, xã Hòa Hiệp, huyện Xuyên Mộc	UBND xã Hoà Hiệp tỉnh lộ 329, ấp Phú Bình, xã Hòa Hiệp, huyện Xuyên Mộc 	10.6891167	107.5004804			  			
Hoà Hội	72	Xã	36174	136.27	265.46	Xã Hoà Hội, Xã Hoà Hưng, Xã Hoà Bình (H. Xuyên Mộc)		xã Bàu Lâm, xã Xuân Sơn, xã Hồ Tràm, xã Xuyên Mộc, xã Bình Châu và xã Hoà Hiệp	UBND xã Hoà Bình	ấp 4, xã Hòa Bình, huyện Xuyên Mộc	UBND xã Hoà Bình ấp 4, xã Hòa Bình, huyện Xuyên Mộc 	10.6267998	107.3721556			  			
Hoà Hưng	73	Phường	96414	2.59	37225.48	Phường 12 (Quận 10), Phường 13 (Quận 10), Phường 15 (Quận 10)	Phường 14 (Quận 10)	phường Diên Hồng, phường Vườn Lài, phường Nhiêu Lộc, phường Xuân Hoà và phường Tân Hoà	Trụ sở Khối vận & Đoàn thể quận 10	số nhà TT20 Tam Đảo, phường 15, quận 10	Trụ sở Khối vận & Đoàn thể quận 10 số nhà TT20 Tam Đảo, phường 15, quận 10 	10.7798101	106.6638084			  			
Hoà Lợi	74	Phường	79694	33.59	2372.58	Phường Tân Định (TP. Bến Cát), Phường Hoà Lợi (TP. Bến Cát)		phường Vĩnh Tân, phường Bình Dương, phường Thới Hoà, phường Phú An, phường Chánh Hiệp và phường Chánh Phú Hoà	UBND phường Hòa Lợi	đường ĐTT 741, khu phố An Hòa, phường Hòa Lợi, TP. Bến Cát	UBND phường Hòa Lợi đường ĐTT 741, khu phố An Hòa, phường Hòa Lợi, TP. Bến Cát 	11.1015568	106.6631442			  			
Hóc Môn	75	Xã	93323	16.43	5680.04	Xã Tân Xuân (H. Hóc Môn), Xã Tân Hiệp (H. Hóc Môn), Thị trấn Hóc Môn (H. Hóc Môn)		xã Đông Thạnh, xã Xuân Thới Sơn, xã Bà Điểm, xã Củ Chi, xã Phú Hoà Đông, xã Bình Mỹ	Liên đoàn lao động huyện Hóc Môn	số 11 Lý Thường Kiệt, thị trấn Hóc Môn, huyện Hóc Môn	Liên đoàn lao động huyện Hóc Môn số 11 Lý Thường Kiệt, thị trấn Hóc Môn, huyện Hóc Môn 	10.884384	106.5874506			  			
Hưng Long	76	Xã	71504	35.54	2012.21	Xã Hưng Long (H. Bình Chánh), Xã Qui Đức (H. Bình Chánh), Xã Đa Phước (H. Bình Chánh)		xã Bình Chánh, xã Bình Hưng, xã Hiệp Phước và tỉnh Tây Ninh	UBND xã Hưng Long	số 564 Đoàn Nguyễn Tuấn, xã Hưng Long	UBND xã Hưng Long số 564 Đoàn Nguyễn Tuấn, xã Hưng Long 	10.6502447	106.6245691	UBND xã Qui Đức	B3/24 ấp 2, xã Qui Đức, huyện Bình Chánh	UBND xã Qui Đức B3/24 ấp 2, xã Qui Đức, huyện Bình Chánh 	10.6484657	106.6496856	
Khánh Hội	77	Phường	94507	1.07	88324.3	Phường 8 (Quận 4), Phường 9 (Quận 4)	Phường 2 (Quận 4), Phường 4 (Quận 4), Phường 15 (Quận 4)	phường Xóm Chiếu, phường Vĩnh Hội và phường Tân Hưng, phường Bến Thành, phường Cầu Ông Lãnh	Trung tâm Chính Trị Quận 4	số 85 - 87 Tân Vĩnh, phường 9, quận 4	Trung tâm Chính Trị Quận 4 số 85 - 87 Tân Vĩnh, phường 9, quận 4 	10.7596319	106.7000834			  			
Kim Long	78	Xã	33369	63.92	522.04	Thị trấn Kim Long, Xã Bàu Chinh, Xã Láng Lớn (H. Châu Đức)		xã Bình Giã, xã Châu Đức, phường Tân Thành và xã Ngãi Giao	UBND Thị trấn Kim Long	quốc lộ 56, thị trấn Kim Long, huyện Châu Đức	UBND Thị trấn Kim Long quốc lộ 56, thị trấn Kim Long, huyện Châu Đức 	10.702368	107.2440953			  			
Lái Thiêu	79	Phường	118852	15.46	7687.71	Phường Lái Thiêu (TP. Thuận An), Phường Bình Nhâm (TP. Thuận An)	Phường Vĩnh Phú (TP. Thuận An)	phường Bình Hoà, phường Thuận An, phường Thuận Giao, phường An Phú Đông và xã Đông Thạnh	UBND TP Thuận An	trụ sở ở khu phố chợ, phường Lái Thiêu, TP.Thuận An	UBND TP Thuận An trụ sở ở khu phố chợ, phường Lái Thiêu, TP.Thuận An 	10.9033669	106.7002909			  			
Linh Xuân	80	Phường	158334	12.29	12883.16	Phường Linh Trung (TP. Thủ Đức), Phường Linh Xuân (TP. Thủ Đức)	Phường Linh Tây (TP. Thủ Đức)	phường Thủ Đức, phường Hiệp Bình, phường Tam Bình, phường Tăng Nhơn Phú, phường Long Bình và phường Dĩ An, phường Đông Hoà	UBND phường Linh Xuân	số 81 Hoàng Cầm (quốc lộ 1K cũ), phường Linh Xuân, TP.Thủ Đức	UBND phường Linh Xuân số 81 Hoàng Cầm (quốc lộ 1K cũ), phường Linh Xuân, TP.Thủ Đức 	10.8784602	106.7664314			  			
Long Bình	81	Phường	119637	29.43	4065.14	Phường Long Bình (TP. Thủ Đức)	Phường Long Thạnh Mỹ (TP. Thủ Đức)	phường Tăng Nhơn Phú, phường Linh Xuân, phường Long Phước, phường Đông Hoà và tỉnh Đồng Nai	UBND phường Long Thạnh Mỹ	số 325 Nguyễn Văn Tăng, phường Long Thạnh Mỹ, TP.Thủ Đức	UBND phường Long Thạnh Mỹ số 325 Nguyễn Văn Tăng, phường Long Thạnh Mỹ, TP.Thủ Đức 	10.8418744	106.8237487			  			
Long Điền	82	Xã	48048	51.44	934.06	Thị trấn Long Điền, Xã Tam An (H. Long Đất)		phường Bà Rịa, phường Tam Long, phường Phước Thắng, xã Đất Đỏ, xã Phước Hải và xã Long Hải	UBND huyện Long Điền	số 1939, quốc lộ 55, thị trấn Long Điền, huyện Long Đất	UBND huyện Long Điền số 1939, quốc lộ 55, thị trấn Long Điền, huyện Long Đất 	10.4785109	107.2160292			  			
Long Hải	83	Xã	109149	27.93	3907.95	Thị trấn Long Hải, Xã Phước Tỉnh, Xã Phước Hưng (H. Long Đất)		phường Phước Thắng, xã Long Điền, xã Phước Hải và Biển Đông	UBND Thị trấn Long Hải	đường Hùng Vương, thị trấn Long Hải, huyện Long Đất	UBND Thị trấn Long Hải đường Hùng Vương, thị trấn Long Hải, huyện Long Đất 	10.4041001	107.2301996			  			
Long Hoà	84	Xã	25215	166.76	151.21	Xã Long Tân (H. Dầu Tiếng), Xã Long Hoà (H. Dầu Tiếng)	Xã Minh Tân (H. Dầu Tiếng), Xã Minh Thạnh (H. Dầu Tiếng)	xã Trừ Văn Thố, xã Bàu Bàng, xã Dầu Tiếng, xã Thanh An, xã Minh Thạnh, phường Long Nguyên và tỉnh Đồng Nai	UBND xã Long Hòa	đường DT749, xã Long Hoà, huyện Dầu Tiếng	UBND xã Long Hòa đường DT749, xã Long Hoà, huyện Dầu Tiếng 	11.3145054	106.4918309			  			
Long Hương	85	Phường	31457	41.22	763.15	Phường Kim Dinh (TP. Bà Rịa), Phường Long Hương (TP. Bà Rịa), Xã Tân Hưng (TP. Bà Rịa)		phường Bà Rịa, phường Tam Long, phường Tân Hải, phường Phước Thắng, xã Long Sơn, xã Châu Pha và xã Nghĩa Thành	UBND Phường Kim Dinh	đường Trịnh Đình Thảo, khu phố Kim Sơn, phường Kim Dinh, TP.Bà Rịa	UBND Phường Kim Dinh đường Trịnh Đình Thảo, khu phố Kim Sơn, phường Kim Dinh, TP.Bà Rịa 	10.4992113	107.1307289			  			
Long Nguyên	86	Phường	53387	108	494.32	Xã Long Nguyên (H. Bàu Bàng), Phường An Điền (TP. Bến Cát)	Phường Mỹ Phước (TP. Bến Cát)	phường Bến Cát, phường Thới Hoà, phường Tây Nam, phường Phú An, xã Long Hoà, xã Bàu Bàng và xã Thanh An	UBND phường An Điền	đường Hùng Vương, phường An Điền, TP.Bến Cát	UBND phường An Điền đường Hùng Vương, phường An Điền, TP.Bến Cát 	11.1478979	106.5594687			  			
Long Phước	87	Phường	53092	34.29	1548.32	Phường Long Phước (TP. Thủ Đức), Phường Trường Thạnh (TP. Thủ Đức)		phường Long Bình, phường Long Trường, phường Tăng Nhơn Phú và tỉnh Đồng Nai	UBND phường Long Phước	số 239 khu phố Long Thuận, phường Long Phước, TP.Thủ Đức	UBND phường Long Phước số 239 khu phố Long Thuận, phường Long Phước, TP.Thủ Đức 	10.80931	106.8595997			  			
Long Sơn	88	Xã	17767	56.5	314.46	Xã Long Sơn (TP. Vũng Tàu) (giữ nguyên)		phường Phước Thắng, phường Long Hương, phường Tân Hải và Biển Đông	UBND xã Long Sơn	thôn 1, xã Long Sơn, TP.Vũng Tàu	UBND xã Long Sơn thôn 1, xã Long Sơn, TP.Vũng Tàu 	10.4636855	107.0842161			  			
Long Trường	89	Phường	73669	24.49	3008.13	Phường Long Trường (TP. Thủ Đức), Phường Phú Hữu (TP. Thủ Đức)		phường Long Phước, phường Bình Trưng, phường Cát Lái, phường Tăng Nhơn Phú, phường Phước Long và tỉnh Đồng Nai	UBND phường Long Trường	số 1341 Nguyễn Duy Trinh, phường Long Trường, TP.Thủ Đức	UBND phường Long Trường số 1341 Nguyễn Duy Trinh, phường Long Trường, TP.Thủ Đức 	10.8053765	106.8166739			  			
Minh Phụng	90	Phường	90808	1.27	71502.36	Phường 1 (Quận 11), Phường 7 (Quận 11), Phường 16 (Quận 11)		phường Bình Thới, phường Phú Thọ, phường Chợ Lớn, phường Bình Tây, phường Phú Lâm, phường Diên Hồng	UBND phường 7	số 183A Lý Nam Đế, phường 7, quận 11	UBND phường 7 số 183A Lý Nam Đế, phường 7, quận 11 	10.7593705	106.6613602			  			
Minh Thạnh	91	Xã	24215	159.06	152.24	Xã Minh Hoà (H. Dầu Tiếng)	Xã Minh Tân (H. Dầu Tiếng), Xã Minh Thạnh (H. Dầu Tiếng)	xã Long Hoà, xã Dầu Tiếng, tỉnh Đồng Nai và tỉnh Tây Ninh	UBND xã Minh Hòa	ấp 3, xã Minh hòa, huyện Dầu Tiếng	UBND xã Minh Hòa ấp 3, xã Minh hòa, huyện Dầu Tiếng 	11.4468432	106.4835457			  			
Ngãi Giao	92	Xã	49065	69.3	708.01	Thị trấn Ngãi Giao, Xã Bình Ba, Xã Suối Nghệ (H. Châu Đức)		xã Bình Giã, xã Kim Long, phường Tân Thành, xã Châu Pha và xã Nghĩa Thành	UBND huyện Châu Đức	số 70 Trần Hưng Đạo, thị trấn Ngãi Giao, huyện Châu Đức	UBND huyện Châu Đức số 70 Trần Hưng Đạo, thị trấn Ngãi Giao, huyện Châu Đức 	10.6552529	107.243237			  			
Nghĩa Thành	93	Xã	27819	65.67	423.63	Xã Đá Bạc (H. Châu Đức), Xã Nghĩa Thành (H. Châu Đức)		phường Long Hương, phường Tam Long, xã Đất Đỏ, xã Xuân Sơn, xã Bình Giã, xã Ngãi Giao và xã Châu Pha	UBND Xã Nghĩa Thành	tổ 6, thôn Sông Cầu, xã Nghĩa Thành, huyện Châu Đức	UBND Xã Nghĩa Thành tổ 6, thôn Sông Cầu, xã Nghĩa Thành, huyện Châu Đức 	10.5677597	107.211463			  			
Nhà Bè	94	Xã	125832	37.1	3391.7	Thị trấn Nhà Bè, Xã Phú Xuân, Xã Phước Kiển, Xã Phước Lộc (H. Nhà Bè)		xã Hiệp Phước, phường Phú Thuận, phường Tân Hưng, phường Tân Mỹ, xã Bình Hưng và tỉnh Đồng Nai	UBND huyện Nhà Bè	số 330 Nguyễn Bình, xã Phú Xuân, huyện Nhà Bè	UBND huyện Nhà Bè số 330 Nguyễn Bình, xã Phú Xuân, huyện Nhà Bè 	10.6743896	106.732963			  			
Nhiêu Lộc	95	Phường	88090	1.71	51514.62	Phường 9 (Quận 3), Phường 11 (Quận 3), Phường 12 (Quận 3), Phường 14 (Quận 3)		phường Xuân Hoà, phường Phú Nhuận, phường Tân Sơn Nhất, phường Vườn Lài, phường Hoà Hưng	UBND phường 9	số 82 Bà Huyện Thanh Quan, phường 9, quận 3	UBND phường 9 số 82 Bà Huyện Thanh Quan, phường 9, quận 3 	10.7815668	106.6821972			  			
Nhuận Đức	96	Xã	40239	62.06	648.4	Xã Nhuận Đức (H. Củ Chi), Xã Trung Lập Hạ (H. Củ Chi), Xã Phạm Văn Cội (H. Củ Chi)		xã Thái Mỹ, xã Tân An Hội, xã Củ Chi, xã Phú Hoà Đông, xã An Nhơn Tây và phường Tây Nam	UBND xã Nhuận Đức	ấp Ngã 4, xã Nhuận Đức, huyện Củ Chi	UBND xã Nhuận Đức ấp Ngã 4, xã Nhuận Đức, huyện Củ Chi 	11.0340967	106.4870629			  			
Phú An	97	Phường	46142	34.97	1319.47	Xã Phú An (TP. Bến Cát), Phường Tân An (TP. Thủ Dầu Một)	Phường Hiệp An (TP. Thủ Dầu Một)	phường Chánh Hiệp, phường Hoà Lợi, phường Thới Hoà, phường Long Nguyên, phường Tây Nam, xã Phú Hoà Đông và xã Bình Mỹ	UBND phường Hiệp An	số 143 Nguyễn Đức Cảnh, phường Hiệp An, TP.Thủ Dầu Một	UBND phường Hiệp An số 143 Nguyễn Đức Cảnh, phường Hiệp An, TP.Thủ Dầu Một 	11.0268507	106.638019			  			
Phú Định	98	Phường	150389	5.85	25707.52	Phường Xóm Củi (Quận 8), Phường 14 (Quận 8), Phường 15 (Quận 8)	Phường 16 (Quận 8)	phường Bình Đông, phường Bình Tiên, phường Bình Phú, phường Chánh Hưng, phường An Đông, phường Chợ Lớn, phường An Lạc và xã Tân Nhựt	UBND phường 16	số 450 Phú Định, phường 16, quận 8	UBND phường 16 số 450 Phú Định, phường 16, quận 8 	10.7119933	106.6235052	UBND phường 15	số 184 Lưu Hữu Phước, phường 15, quận 8	UBND phường 15 số 184 Lưu Hữu Phước, phường 15, quận 8 	10.7140522	106.6266761	
Phú Giáo	99	Xã	42739	192.83	221.64	Xã An Bình (H. Phú Giáo), Thị trấn Phước Vĩnh (H. Phú Giáo)	Xã Tam Lập (H. Phú Giáo)	xã Phước Thành, xã Phước Hoà, xã Bắc Tân Uyên và tỉnh Đồng Nai	UBND huyện Phú Giáo	đường Hùng Vương, khu Phố 2, huyện Phú Giáo	UBND huyện Phú Giáo đường Hùng Vương, khu Phố 2, huyện Phú Giáo 	11.2948527	106.7953959			  			
Phú Hoà Đông	100	Xã	97766	59.75	1636.25	Xã Tân Thạnh Tây (H. Củ Chi), Xã Tân Thạnh Đông (H. Củ Chi), Xã Phú Hoà Đông (H. Củ Chi)		xã Bình Mỹ, xã Củ Chi, xã Nhuận Đức, xã Xuân Thới Sơn, phường Tây Nam và phường Phú An	UBND xã Tân Thạnh Tây	số 269 tỉnh lộ 8, xã Tân Thạnh Tây, huyện Củ Chi	UBND xã Tân Thạnh Tây số 269 tỉnh lộ 8, xã Tân Thạnh Tây, huyện Củ Chi 	10.9848881	106.5593469			  			
Phú Lâm	101	Phường	87513	2	43756.5	Phường 12 (Quận 6), Phường 13 (Quận 6), Phường 14 (Quận 6)		phường Bình Tiên, phường Bình Phú và phường Bình Tây, phường An Lạc, phường Bình Trị Đông, phường Phú Thạnh, phường Tân Phú, phường Minh Phụng, phường Bình Thới	Quận đoàn quận 6	số 15 Chợ Lớn, phường 11, quận 6	Quận đoàn quận 6 số 15 Chợ Lớn, phường 11, quận 6 	10.745922	106.6340882			  			
Phú Lợi	102	Phường	107721	17.96	5997.83	Phường Phú Lợi (TP. Thủ Dầu Một), Phường Phú Hoà (TP. Thủ Dầu Một)	Phường Hiệp Thành (TP. Thủ Dầu Một)	phường Tân Khánh, phường Thuận Giao, phường Thủ Dầu Một, phường Chánh Hiệp, phường Thuận An và phường Bình Dương	UBND phường Phú Hòa	số 438 đường Phú Lợi, phường Phú Hoà, TP.Thủ Dầu Một	UBND phường Phú Hòa số 438 đường Phú Lợi, phường Phú Hoà, TP.Thủ Dầu Một 	10.9842866	106.6812449			  			
Phú Mỹ	103	Phường	78641	70.92	1108.87	Phường Mỹ Xuân (TP. Phú Mỹ), Phường Phú Mỹ (TP. Phú Mỹ)		phường Tân Thành, phường Tân Phước, xã Châu Pha, xã Thạnh An và tỉnh Đồng Nai	UBND TP Phú Mỹ	số 412 Độc Lập, phường Phú Mỹ, TP.Phú Mỹ	UBND TP Phú Mỹ số 412 Độc Lập, phường Phú Mỹ, TP.Phú Mỹ 	10.5905345	107.0480378			  			
Phú Nhuận	104	Phường	68420	1.46	46863.01	Phường 8 (Quận Phú Nhuận), Phường 10 (Quận Phú Nhuận), Phường 11 (Quận Phú Nhuận), Phường 13 (Quận Phú Nhuận)	Phường 15 (Quận Phú Nhuận)	phường Đức Nhuận, phường Cầu Kiệu, phường Nhiêu Lộc, phường Xuân Hoà, phường Tân Sơn Hoà	UBND quận Phú Nhuận	số 159 Nguyễn Văn Trỗi, phường 11, quận Phú Nhuận	UBND quận Phú Nhuận số 159 Nguyễn Văn Trỗi, phường 11, quận Phú Nhuận 	10.7951947	106.6752532			  			
Phú Thạnh	105	Phường	103780	2.99	34709.03	Phường Phú Thạnh (Quận Tân Phú), Phường Hiệp Tân (Quận Tân Phú)	Phường Tân Thới Hoà (Quận Tân Phú)	phường Phú Thọ Hoà, phường Tân Phú, phường Phú Lâm, phường Bình Trị Đông, phường Bình Hưng Hoà	UBND phường Phú Thạnh	số 275 Nguyễn Sơn, phường Phú Thạnh, quận Tân Phú.	UBND phường Phú Thạnh số 275 Nguyễn Sơn, phường Phú Thạnh, quận Tân Phú. 	10.783329	106.6242735			  			
Phú Thọ	106	Phường	65369	1.37	47714.6	Phường 11 (Quận 11), Phường 15 (Quận 11)	Phường 8 (Quận 11)	phường Bình Thới, phường Hoà Bình, phường Minh Phụng, phường Diên Hồng, phường Tân Hoà	UBND phường 13	số 233 - 235 Lê Đại Hành, phường 11, quận 11	UBND phường 13 số 233 - 235 Lê Đại Hành, phường 11, quận 11 	10.7639854	106.6555027			  			
Phú Thọ Hoà	107	Phường	140436	3.02	46501.99	Phường Phú Thọ Hoà (Quận Tân Phú)	Phường Tân Quý (Quận Tân Phú), Phường Tân Thành (Quận Tân Phú)	phường Tân Sơn Nhì, phường Phú Thạnh, phường Tân Phú và phường Bình Hưng Hoà	UBND phường Tân Thành	số 146 Độc Lập, phường Tân Thành, quận Tân Phú	UBND phường Tân Thành số 146 Độc Lập, phường Tân Thành, quận Tân Phú 	10.7923015	106.6333612			  			
Phú Thuận	108	Phường	84089	10.55	7970.52	Phường Phú Thuận (Quận 7)	Phường Phú Mỹ (Quận 7)	phường Tân Mỹ, phường Tân Thuận, phường Cát Lái và tỉnh Đồng Nai	UBND phường Phú Thuận	số 1203 Huỳnh Tấn Phát, phường Phú Thuận, quận 7	UBND phường Phú Thuận số 1203 Huỳnh Tấn Phát, phường Phú Thuận, quận 7 	10.7219017	106.7362644			  			
Phước Hải	109	Xã	43615	70.44	619.18	Thị trấn Phước Hải, Xã Phước Hội (H. Long Đất)		xã Đất Đỏ, xã Long Điền, xã Long Hải, xã Hồ Tràm và Biển Đông	UBND Xã Phước Hội	ấp Hội Mỹ, xã Phước Hội, huyện Long Đất	UBND Xã Phước Hội ấp Hội Mỹ, xã Phước Hội, huyện Long Đất 	10.4575552	107.2961953			  			
Phước Hoà	110	Xã	42470	128.07	331.61	Xã Vĩnh Hoà (H. Phú Giáo), Xã Phước Hoà (H. Phú Giáo)	Xã Tam Lập (H. Phú Giáo)	xã Bắc Tân Uyên, xã Phú Giáo, xã An Long, xã Phước Thành, phường Chánh Phú Hoà, phường Bình Cơ và phường Vĩnh Tân	UBND xã Vĩnh Hòa	đường ĐT 741, xã Vĩnh Hòa, huyện Phú Giáo	UBND xã Vĩnh Hòa đường ĐT 741, xã Vĩnh Hòa, huyện Phú Giáo 	11.2714178	106.777752			  			
Phước Long	111	Phường	137331	9.23	14878.76	Phường Phước Bình (TP. Thủ Đức), Phường Phước Long A (TP. Thủ Đức), Phường Phước Long B (TP. Thủ Đức)		phường Tăng Nhơn Phú, phường Long Trường, phường Thủ Đức và phường Bình Trưng	UBND phường Phước Long B	số 183 Đỗ Xuân Hợp, phường Phước Long B, TP.Thủ Đức	UBND phường Phước Long B số 183 Đỗ Xuân Hợp, phường Phước Long B, TP.Thủ Đức 	10.8262539	106.7690053			  			
Phước Thắng	112	Phường	52589	47.35	1110.64	Phường 11, Phường 12 (TP. Vũng Tàu)		phường Long Hương, phường Bà Rịa, phường Rạch Dừa, xã Long Sơn, xã Long Điền, xã Long Hải và Biển Đông	UBND Phường 12	số 7A Nguyễn Gia Thiều, phường 12, TP.Vũng Tàu	UBND Phường 12 số 7A Nguyễn Gia Thiều, phường 12, TP.Vũng Tàu 	10.4190791	107.1553756			  			
Phước Thành	113	Xã	15803	123.49	127.97	Xã An Thái (H. Phú Giáo), Xã Phước Sang (H. Phú Giáo), Xã Tân Hiệp (H. Phú Giáo)		xã Phú Giáo, xã Phước Hoà, xã An Long và tỉnh Đồng Nai	UBND xã Phước Sang	ấp Sa Dụp, xã Phước Sang, huyện Phú Giáo	UBND xã Phước Sang ấp Sa Dụp, xã Phước Sang, huyện Phú Giáo 	11.3612689	106.7715352			  			
Rạch Dừa	114	Phường	76281	19.7	3872.13	Phường 10, Phường Thắng Nhất, Phường Rạch Dừa (TP. Vũng Tàu)		phường Phước Thắng, phường Tam Thắng và Biển Đông	UBND Phường 10	số 219/28 Lưu Chí Hiếu, phường 10, TP.Vũng Tàu	UBND Phường 10 số 219/28 Lưu Chí Hiếu, phường 10, TP.Vũng Tàu 	10.3878235	107.1135027			  			
Sài Gòn	115	Phường	47022	3.04	15467.76	Phường Bến Nghé (Quận 1)	Phường Đa Kao (Quận 1), Phường Nguyễn Thái Bình (Quận 1)	phường Tân Định, phường Bến Thành, phường Cầu Ông Lãnh, phường Thạnh Mỹ Tây, phường An Khánh, phường Xuân Hoà	UBND quận 1	số 45 - 47 Lê Duẩn, phường Bến Nghé, quận 1	UBND quận 1 số 45 - 47 Lê Duẩn, phường Bến Nghé, quận 1 	10.7806307	106.6992978			  			
Tam Bình	116	Phường	153414	10.71	14324.07	Phường Bình Chiểu (TP. Thủ Đức), Phường Tam Bình (TP. Thủ Đức), Phường Tam Phú (TP. Thủ Đức)		phường Linh Xuân, phường Hiệp Bình, phường An Phú Đông và phường Bình Hoà, phường Dĩ An	UBND phường Bình Chiểu	số 934 tỉnh lộ 43, phường Bình Chiểu, TP.Thủ Đức	UBND phường Bình Chiểu số 934 tỉnh lộ 43, phường Bình Chiểu, TP.Thủ Đức 	10.8822543	106.7298218			  			
Tam Long	117	Phường	41130	34.7	1185.3	Phường Long Tâm (TP. Bà Rịa), Xã Hoà Long (TP. Bà Rịa), Xã Long Phước (TP. Bà Rịa)		phường Long Hương, phường Bà Rịa, xã Long Điền, xã Đất Đỏ và xã Nghĩa Thành	UBND xã Hòa Long	tỉnh lộ 52, ấp Đông, xã Hòa Long, TP.Bà Rịa	UBND xã Hòa Long tỉnh lộ 52, ấp Đông, xã Hòa Long, TP.Bà Rịa 	10.5217661	107.2078319			  			
Tam Thắng	118	Phường	86420	11.76	7348.64	Phường 7, Phường 8, Phường 9, Phường Nguyễn An Ninh (TP. Vũng Tàu)		phường Rạch Dừa, phường Vũng Tàu và biển Đông	UBND Phường Nguyễn An Ninh	số 603 Nguyễn An Ninh, phường Nguyễn An Ninh, TP.Vũng Tàu	UBND Phường Nguyễn An Ninh số 603 Nguyễn An Ninh, phường Nguyễn An Ninh, TP.Vũng Tàu 	10.3617608	107.0956814			  			
Tân An Hội	119	Xã	84342	53.51	1576.2	Xã Phước Hiệp (H. Củ Chi), Xã Tân An Hội (H. Củ Chi), Thị trấn Củ Chi (H. Củ Chi)		xã Củ Chi, xã Thái Mỹ, xã Nhuận Đức và tỉnh Tây Ninh	UBND huyện Củ Chi	số 77 tỉnh lộ 8, thị trấn Củ Chi, huyện Củ Chi	UBND huyện Củ Chi số 77 tỉnh lộ 8, thị trấn Củ Chi, huyện Củ Chi 	10.973855	106.4938982			  			
Tân Bình	120	Phường	89373	2.12	42157.08	Phường 13 (Quận Tân Bình), Phường 14 (Quận Tân Bình)	Phường 15 (Quận Tân Bình)	phường Tân Sơn, phường Bảy Hiền, phường Tân Sơn Hoà, phường Tây Thạnh, phường Tân Sơn Nhì và phường Tân Phú	UBND phường 13	số 40/19A Ấp Bắc, phường 13, quận Tân Bình	UBND phường 13 số 40/19A Ấp Bắc, phường 13, quận Tân Bình 	10.8017642	106.6425081			  			
Tân Định	121	Phường	48524	1.23	39450.41	Phường Tân Định (Quận 1)	Phường Đa Kao (Quận 1)	phường Sài Gòn, phường Gia Định, phường Cầu Kiệu, phường Xuân Hoà, phường Phú Nhuận	Quận uỷ quận 1	số 30 Phùng Khắc Khoan, phường Đa Kao, quận 1	Quận uỷ quận 1 số 30 Phùng Khắc Khoan, phường Đa Kao, quận 1 	10.7863759	106.6962997			  			
Tân Đông Hiệp	122	Phường	100243	21.47	4668.98	Phường Tân Bình (TP. Dĩ An)	Phường Tân Đông Hiệp (TP. Dĩ An), Phường Thái Hoà (TP. Tân Uyên)	phường An Phú, phường Dĩ An, phường Đông Hoà, phường Tân Khánh và tỉnh Đồng Nai	UBND phường Tân Bình	số 880 Nguyễn Thị Minh Khai, phường Tân Bình, TP.Dĩ An	UBND phường Tân Bình số 880 Nguyễn Thị Minh Khai, phường Tân Bình, TP.Dĩ An 	10.9367945	106.7661299			  			
Tân Hải	123	Phường	30297	51.86	584.17	Phường Tân Hoà (TP. Phú Mỹ), Phường Tân Hải (TP. Phú Mỹ)		phường Long Hương, phường Tân Phước, xã Châu Pha và xã Long Sơn	UBND Phường Tân Hải	quốc lộ 51, thôn Láng Cát, phường Tân Hải, TP.Phú Mỹ	UBND Phường Tân Hải quốc lộ 51, thôn Láng Cát, phường Tân Hải, TP.Phú Mỹ 	10.4996586	107.1025856			  			
Tân Hiệp	124	Phường	142494	47.06	3028	Phường Khánh Bình (TP. Tân Uyên), Phường Tân Hiệp (TP. Tân Uyên)		phường Tân Uyên, phường Bình Dương, phường Vĩnh Tân, phường Tân Khánh và phường Bình Cơ	UBND phường Tân Hiệp	khu phố Tân Bình, phườngTân Hiệp, TP.Tân Uyên	UBND phường Tân Hiệp khu phố Tân Bình, phườngTân Hiệp, TP.Tân Uyên 	11.0641319	106.7300361			  			
Tân Hoà	125	Phường	93437	1.47	63562.59	Phường 6 (Quận Tân Bình), Phường 8 (Quận Tân Bình), Phường 9 (Quận Tân Bình)		phường Tân Sơn Nhất, phường Bảy Hiền, phường Diên Hồng, phường Hoà Hưng, phường Hoà Bình, phường Phú Thọ	UBND phường 6	số 356A Bắc Hải, phường 6, quận Tân Bình	UBND phường 6 số 356A Bắc Hải, phường 6, quận Tân Bình 	10.7860657	106.6639307			  			
Tân Hưng	126	Phường	153674	8.54	17994.61	Phường Tân Phong (Quận 7), Phường Tân Hưng (Quận 7), Phường Tân Kiểng (Quận 7), Phường Tân Quy (Quận 7)		phường Tân Mỹ, phường Tân Thuận, phường Khánh Hội, phường Xóm Chiếu, phường Vĩnh Hội, phường Chánh Hưng, xã Bình Hưng và xã Nhà Bè	UBND phường Tân Hưng	số 9 đường 4A, phường Tân Hưng, quận 7	UBND phường Tân Hưng số 9 đường 4A, phường Tân Hưng, quận 7 	10.7440068	106.7006338			  			
Tân Khánh	127	Phường	126393	38.23	3306.02	Xã Thạnh Hội (TP. Tân Uyên), Phường Thạnh Phước (TP. Tân Uyên), Phường Tân Phước Khánh (TP. Tân Uyên), Phường Tân Vĩnh Hiệp (TP. Tân Uyên)	Phường Thái Hoà (TP. Tân Uyên)	phường Tân Uyên, phường Bình Dương, phường Phú Lợi, phường Thuận Giao, phường Tân Đông Hiệp, phường An Phú, phường Tân Hiệp và tỉnh Đồng Nai	UBND phường Tân Phước Khánh	đường ĐT746, phường Tân Phước Khánh, TP.Tân Uyên	UBND phường Tân Phước Khánh đường ĐT746, phường Tân Phước Khánh, TP.Tân Uyên 	11.0034677	106.7211887			  			
Tân Mỹ	128	Phường	68124	6.45	10561.86	Phường Tân Phú (Quận 7)	Phường Phú Mỹ (Quận 7)	phường Tân Thuận, phường Phú Thuận, phường Tân Hưng và xã Nhà Bè	UBND quận 7	số 7 Tân Phú, phường Tân Phú, quận 7	UBND quận 7 số 7 Tân Phú, phường Tân Phú, quận 7 	10.7323285	106.7266394			  			
Tân Nhựt	129	Xã	115513	43.67	2645.13	Xã Tân Nhựt (H. Bình Chánh), Thị trấn Tân Túc (H. Bình Chánh)	Xã Tân Kiên (H. Bình Chánh), Phường Tân Tạo A (Quận Bình Tân), Phường 16 (Quận 8)	xã Bình Lợi, xã Bình Chánh, phường Phú Định, phường Bình Đông, phường An Lạc, phường Tân Tạo và tỉnh Tây Ninh	UBND huyện Bình Chánh	số 349 Tân Túc, thị trấn Tân Túc, huyện Bình Chánh	UBND huyện Bình Chánh số 349 Tân Túc, thị trấn Tân Túc, huyện Bình Chánh 	10.6898652	106.5842375			  			
Tân Phú	130	Phường	93117	2.52	36951.19	Phường Phú Trung (Quận Tân Phú), Phường Hoà Thạnh (Quận Tân Phú)	Phường Tân Thành (Quận Tân Phú), Phường Tân Thới Hoà (Quận Tân Phú)	phường Phú Thọ Hoà, phường Tân Sơn Nhì, phường Phú Thạnh, phường Bình Thới, phường Hoà Bình, phường Bảy Hiền, phường Tân Bình	UBND quận Tân Phú	số 70A Thoại Ngọc Hầu, phường Hòa Thạnh, quận Tân Phú	UBND quận Tân Phú số 70A Thoại Ngọc Hầu, phường Hòa Thạnh, quận Tân Phú 	10.7835169	106.6369215			  			
Tân Phước	131	Phường	29363	83.62	351.15	Phường Tân Phước (TP. Phú Mỹ), Phường Phước Hoà (TP. Phú Mỹ)		phường Phú Mỹ, phường Tân Hải, xã Châu Pha, xã Thạnh An và Biển Đông	UBND Phường Phước Hòa	khu phố Tân Lộc, phường Phước Hoà, TP.Phú Mỹ	UBND Phường Phước Hòa khu phố Tân Lộc, phường Phước Hoà, TP.Phú Mỹ 	10.5833237	107.072273			  			
Tân Sơn	132	Phường	77229	10.12	7631.32		Phường 15 (Quận Tân Bình)	phường Tân Bình, phường Bảy Hiền, phường Tân Sơn Hoà, phường Tân Sơn Nhất, phường Hạnh Thông, phường Gò Vấp, phường Thông Tây Hội, phường An Hội Tây, phường Đông Hưng Thuận và phường Tây Thạnh	UBND phường 15	số 822 Trường Chinh, phường 15, quận Tân Bình.	UBND phường 15 số 822 Trường Chinh, phường 15, quận Tân Bình. 	10.8184994	106.6317638			  			
Tân Sơn Hoà	133	Phường	64150	2.62	24484.73	Phường 1 (Quận Tân Bình), Phường 2 (Quận Tân Bình), Phường 3 (Quận Tân Bình)		phường Tân Sơn Nhất, phường Tân Bình, phường Tân Sơn, phường Hạnh Thông, phường Đức Nhuận và phường Phú Nhuận	UBND phường 1	số 291 Lê Văn Sỹ, phường 1, quận Tân Bình	UBND phường 1 số 291 Lê Văn Sỹ, phường 1, quận Tân Bình 	10.7946969	106.6675305			  			
Tân Sơn Nhất	134	Phường	84639	3.19	26532.6	Phường 4 (Quận Tân Bình), Phường 5 (Quận Tân Bình), Phường 7 (Quận Tân Bình)		phường Tân Sơn Hoà, phường Bảy Hiền, phường Tân Hoà, phường Tân Sơn và phường Nhiêu Lộc	UBND phường 4	số 25/4 - 6 Hoàng Việt, phường 4, quận Tân Bình	UBND phường 4 số 25/4 - 6 Hoàng Việt, phường 4, quận Tân Bình 	10.7969675	106.6591899			  			
Tân Sơn Nhì	135	Phường	117277	3.46	33895.09	Phường Tân Sơn Nhì (Quận Tân Phú)	Phường Sơn Kỳ (Quận Tân Phú), Phường Tân Quý (Quận Tân Phú), Phường Tân Thành (Quận Tân Phú)	phường Tây Thạnh, phường Phú Thọ Hoà, phường Tân Phú, phường Tân Bình, phường Bình Hưng Hoà	UBND phường Tân Sơn Nhì	số 6 Nguyễn Thế Truyện, phường Tân Sơn Nhì, quận Tân Phú	UBND phường Tân Sơn Nhì số 6 Nguyễn Thế Truyện, phường Tân Sơn Nhì, quận Tân Phú 	10.7949154	106.6317553			  			
Tân Tạo	136	Phường	113363	14.71	7706.53		Phường Tân Tạo A (Quận Bình Tân), Phường Tân Tạo (Quận Bình Tân), Xã Tân Kiên (Huyện Bình Chánh)	phường An Lạc, phường Bình Trị Đông, phường Bình Tân, xã Bình Lợi và xã Tân Nhựt	UBND phường Tân Tạo A	số 1409 tỉnh lộ 10, phường Tân Tạo A, quận Bình Tân	UBND phường Tân Tạo A số 1409 tỉnh lộ 10, phường Tân Tạo A, quận Bình Tân 	10.7564917	106.5869855			  			
Tân Thành	137	Phường	33943	61.63	550.79	Phường Hắc Dịch (TP. Phú Mỹ), Xã Sông Xoài (TP. Phú Mỹ)		phường Phú Mỹ, xã Châu Pha, xã Ngãi Giao, xã Kim Long, xã Châu Đức và tỉnh Đồng Nai	UBND Phường Hắc Dịch	khu phố 5, phường Hắc Dịch, TP.Phú Mỹ	UBND Phường Hắc Dịch khu phố 5, phường Hắc Dịch, TP.Phú Mỹ 	10.641694	107.1216848			  			
Tân Thới Hiệp	138	Phường	168060	8.06	20851.12	Phường Hiệp Thành (Quận 12), Phường Tân Thới Hiệp (Quận 12)		phường Trung Mỹ Tây, phường Thới An, phường An Hội Tây và xã Đông Thạnh	UBND phường Tân Thới Hiệp	số 226 Trương Thị Hoa, phường Tân Thới Hiệp, quận 12	UBND phường Tân Thới Hiệp số 226 Trương Thị Hoa, phường Tân Thới Hiệp, quận 12 	10.8669945	106.6420052			  			
Tân Thuận	139	Phường	148090	10.16	14575.79	Phường Bình Thuận (Quận 7), Phường Tân Thuận Đông (Quận 7), Phường Tân Thuận Tây (Quận 7)		phường Phú Thuận, phường Tân Mỹ, phường Tân Hưng, phường Xóm Chiếu, phường Cát Lái, phường Bình Trưng và phường An Khánh	UBND phường Bình Thuận	số 342 Huỳnh Tấn Phát, phường Bình Thuận, quận 7	UBND phường Bình Thuận số 342 Huỳnh Tấn Phát, phường Bình Thuận, quận 7 	10.7489338	106.7286503			  			
Tân Uyên	140	Phường	73032	94.67	771.46	Phường Uyên Hưng (TP. Tân Uyên), Xã Bạch Đằng (TP. Tân Uyên), Xã Tân Lập (H. Bắc Tân Uyên)	Xã Tân Mỹ (H. Bắc Tân Uyên)	phường Tân Khánh, phường Tân Hiệp, phường Bình Cơ, xã Bắc Tân Uyên, xã Thường Tân và tỉnh Đồng Nai	UBND TP Tân Uyên	khu phố 1, phường Uyên Hưng, TP.Tân Uyên	UBND TP Tân Uyên khu phố 1, phường Uyên Hưng, TP.Tân Uyên 	11.0574139	106.7948272			  			
Tân Vĩnh Lộc	141	Xã	163839	34.05	4811.72	Xã Vĩnh Lộc B (H. Bình Chánh)	Xã Phạm Văn Hai (H. Bình Chánh), Phường Tân Tạo (Quận Bình Tân)	xã Vĩnh Lộc, xã Bình Lợi, phường Bình Tân và tỉnh Tây Ninh	UBND xã Vĩnh Lộc B	số 1304 Vĩnh Lộc, ấp 6, xã Vĩnh Lộc B, huyện Bình Chánh	UBND xã Vĩnh Lộc B số 1304 Vĩnh Lộc, ấp 6, xã Vĩnh Lộc B, huyện Bình Chánh 	10.7983625	106.5604023			  			
Tăng Nhơn Phú	142	Phường	208233	16.51	12612.54	Phường Hiệp Phú (TP. Thủ Đức), Phường Tân Phú (TP. Thủ Đức), Phường Tăng Nhơn Phú A (TP. Thủ Đức), Phường Tăng Nhơn Phú B (TP. Thủ Đức)	Phường Long Thạnh Mỹ (TP. Thủ Đức)	phường Linh Xuân, phường Long Bình, phường Long Trường, phường Long Phước, phường Phước Long và phường Thủ Đức	UBND phường Tăng Nhơn Phú A	số 29 Lê Văn Việt, phường Tăng Nhơn Phú A, TP.Thủ Đức	UBND phường Tăng Nhơn Phú A số 29 Lê Văn Việt, phường Tăng Nhơn Phú A, TP.Thủ Đức 	10.8453805	106.7873411			  			
Tây Nam	143	Phường	56784	119.8	474	Phường An Tây (TP. Bến Cát)	Xã Thanh Tuyền (H. Dầu Tiếng), Xã An Lập (H. Dầu Tiếng)	phường Long Nguyên, phường Phú An, xã Thanh An, xã An Nhơn Tây, xã Nhuận Đức và xã Phú Hoà Đông	UBND phường An Tây	ấp 2, phường An Tây, TP.Bến Cát	UBND phường An Tây ấp 2, phường An Tây, TP.Bến Cát 	11.0929708	106.5403184			  			
Tây Thạnh	144	Phường	72616	3.95	18383.8	Phường Tây Thạnh (Quận Tân Phú)	Phường Sơn Kỳ (Quận Tân Phú)	phường Tân Sơn Nhì, phường Tân Sơn, phường Đông Hưng Thuận, phường Bình Hưng Hoà và phường Tân Bình	UBND phường Tây Thạnh	số 200/12 Nguyễn Hữu Tiến, phường Tây Thạnh, quận Tân Phú	UBND phường Tây Thạnh số 200/12 Nguyễn Hữu Tiến, phường Tây Thạnh, quận Tân Phú 	10.8131847	106.6236711			  			
Thái Mỹ	145	Xã	49862	62.44	798.56	Xã Trung Lập Thượng (H. Củ Chi), Xã Thái Mỹ (H. Củ Chi), Xã Phước Thạnh (H. Củ Chi)		xã Tân An Hội, xã An Nhơn Tây, xã Nhuận Đức và tỉnh Tây Ninh	UBND xã Phước Thạnh	số 712 Phan Văn Khải (Quốc lộ 22), xã Phước Thạnh, huyện Củ Chi	UBND xã Phước Thạnh số 712 Phan Văn Khải (Quốc lộ 22), xã Phước Thạnh, huyện Củ Chi 	11.0046035	106.4322219			  			
Thanh An	146	Xã	25324	136.72	185.23	Xã Thanh An (H. Dầu Tiếng)	Xã Định Hiệp (H. Dầu Tiếng), Xã Thanh Tuyền (H. Dầu Tiếng), Xã An Lập (H. Dầu Tiếng)	xã Long Hoà, xã Dầu Tiếng, phường Long Nguyên, phường Tây Nam và tỉnh Tây Ninh	UBND xã Thanh An	ấp Cần Giăng, xã Thanh An, huyện Dầu Tiếng	UBND xã Thanh An ấp Cần Giăng, xã Thanh An, huyện Dầu Tiếng 	11.2016344	106.3996391			  			
Thạnh An	147	Xã	5180	131.31	39.45	Xã Thạnh An (H. Cần Giờ) (giữ nguyên)		xã Bình Khánh, xã Cần Giờ, phường Tân Phước, phường Phú Mỹ và tỉnh Đồng Nai	UBND xã Thạnh An	ấp Thạnh Hòa, xã đảo Thạnh An, huyện Cần Giờ	UBND xã Thạnh An ấp Thạnh Hòa, xã đảo Thạnh An, huyện Cần Giờ 	10.4706724	106.9752091			  			
Thạnh Mỹ Tây	148	Phường	153216	4.4	34821.82	Phường 19 (Quận Bình Thạnh), Phường 22 (Quận Bình Thạnh), Phường 25 (Quận Bình Thạnh)		phường Gia định, phường Bình Thạnh, phường Bình Quới, phường An Khánh và phường Sài Gòn	UBND phường 22	số 602/39 Điện Biên Phủ, phường 22, quận Bình Thạnh	UBND phường 22 số 602/39 Điện Biên Phủ, phường 22, quận Bình Thạnh 	10.7976076	106.7189684	 		   			
Thới An	149	Phường	125657	14.9	8433.36	Phường Thới An (Quận 12), Phường Thạnh Xuân (Quận 12)		phường An Phú Đông, phường Tân Thới Hiệp, phường An Hội Đông, phường An Hội Tây và xã Đông Thạnh	UBND phường Thới An	số 340 Lê Văn Khương, phường Thới An, quận 12	UBND phường Thới An số 340 Lê Văn Khương, phường Thới An, quận 12 	10.8754927	106.6494849			  			
Thới Hoà	150	Phường	79601	37.93	2098.6	Phường Thời Hoà (TP. Bến Cát) (giữ nguyên)		phường Hoà Lợi, phường Long Nguyên, phường Phú An, phường Bến Cát và phường Chánh Phú Hoà	UBND phường Thới Hòa	quốc lộ 13, khu phố 3A, phường Thới Hòa, TP.Bến Cát	UBND phường Thới Hòa quốc lộ 13, khu phố 3A, phường Thới Hòa, TP.Bến Cát 	11.0904975	106.625881			  			
Thông Tây Hội	151	Phường	121192	3.24	37404.94	Phường 8 (Quận Gò Vấp), Phường 11 (Quận Gò Vấp)		phường An Hội Tây, phường Gò Vấp, phường An Hội Đông và phường Tân Sơn	UBND phường 11	số 563 Quang Trung, phường 11, quận Gò Vấp	UBND phường 11 số 563 Quang Trung, phường 11, quận Gò Vấp 	10.8359256	106.6582943			  			
Thủ Dầu Một	152	Phường	88132	15.68	5620.66	Phường Phú Cường (TP. Thủ Dầu Một), Phường Phú Thọ (TP. Thủ Dầu Một), Phường Chánh Nghĩa (TP. Thủ Dầu Một)	Phường Hiệp Thành (TP. Thủ Dầu Một), Phường Chánh Mỹ (TP. Thủ Dầu Một)	phường Phú Lợi, phường Thuận An, phường Chánh Hiệp, phường Thuận Giao và xã Bình Mỹ	UBND TP Thủ Dầu Một	số 1 Quang Trung, phường Phú Cường, TP.Thủ Dầu Một	UBND TP Thủ Dầu Một số 1 Quang Trung, phường Phú Cường, TP.Thủ Dầu Một 	10.9799204	106.6501531			  			
Thủ Đức	153	Phường	118952	8.81	13501.93	Phường Bình Thọ (TP. Thủ Đức), Phường Linh Chiểu (TP. Thủ Đức), Phường Trường Thọ (TP. Thủ Đức)	Phường Linh Đông (TP. Thủ Đức), Phường Linh Tây (TP. Thủ Đức)	phường Linh Xuân, phường Hiệp Bình, phường Tăng Nhơn Phú, phường Phước Long, phường Bình Quới	UBND phường Bình Thọ	số 17 Chân Lý, phường Bình Thọ, TP.Thủ Đức	UBND phường Bình Thọ số 17 Chân Lý, phường Bình Thọ, TP.Thủ Đức 	10.8493971	106.7694206			  			
Thuận An	154	Phường	64689	16.11	4015.46	Phường Hưng Định (TP. Thuận An), Phường An Thạnh (TP. Thuận An), Xã An Sơn (TP. Thuận An)		phường Thuận Giao, phường Lái Thiêu, phường Phú Lợi, phường Thủ Dầu Một, xã Bình Mỹ và xã Đông Thạnh	UBND phường Hưng Định	số 289 Hưng Định, phường Hưng Định, TP.Thuận An	UBND phường Hưng Định số 289 Hưng Định, phường Hưng Định, TP.Thuận An 	10.9398132	106.6915147			  			
Thuận Giao	155	Phường	150781	16.81	8969.72	Phường Thuận Giao (TP. Thuận An)	Phường Bình Chuẩn (TP. Thuận An)	phường An Phú, phường Thuận An, phường Phú Lợi, phường Lái Thiêu, phường Bình Hoà và phường Tân Khánh	UBND phường Bình Chuẩn	đường Thủ Khoa Huân, phường Bình Chuẩn, TP.Thuận An	UBND phường Bình Chuẩn đường Thủ Khoa Huân, phường Bình Chuẩn, TP.Thuận An 	10.9824581	106.7212357			  			
Thường Tân	156	Xã	21238	120.7	175.96	Xã Thường Tân (H. Bắc Tân Uyên), Xã Lạc An (H. Bắc Tân Uyên), Xã Hiếu Liêm (H. Bắc Tân Uyên)	Xã Tân Mỹ (H. Bắc Tân Uyên)	xã Bắc Tân Uyên, phường Tân Uyên và tỉnh Đồng Nai	UBND xã Lạc An	ấp 3, xã Tân Mỹ, huyện Bắc Tân Uyên	UBND xã Lạc An ấp 3, xã Tân Mỹ, huyện Bắc Tân Uyên 	11.0670003	106.93544			  			
Trừ Văn Thố	157	Xã	24533	76.56	320.43	Xã Trừ Văn Thố (H. Bàu Bàng), Xã Cây Trường II (H. Bàu Bàng)	Thị trấn Lai Uyên (H. Bàu Bàng)	xã An Long, xã Long Hoà, xã Bàu Bàng và tỉnh Đồng Nai	UBND xã Cây Trường II	đường ĐT 750, ấp Ông Chài, xã Cây Trường II, huyện Bàu Bàng	UBND xã Cây Trường II đường ĐT 750, ấp Ông Chài, xã Cây Trường II, huyện Bàu Bàng 	11.344819	106.578509			  			
Trung Mỹ Tây	158	Phường	126470	6.93	18249.64	Phường Trung Mỹ Tây (Quận 12), Phường Tân Chánh Hiệp (Quận 12)		phường Đông Hưng Thuận, phường Tân Thới Hiệp, xã Bà Điểm, xã Đông Thạnh	UBND phường Trung Mỹ Tây	số 15/91 Đồng Tiến, phường Trung Mỹ Tây, quận 12	UBND phường Trung Mỹ Tây số 15/91 Đồng Tiến, phường Trung Mỹ Tây, quận 12 	10.8473475	106.6164001			  			
Vĩnh Hội	159	Phường	63015	1.17	53858.97	Phường 1 (Quận 4), Phường 3 (Quận 4)	Phường 2 (Quận 4), Phường 4 (Quận 4)	phường Khánh Hội, phường Cầu Ông Lãnh, phường Chợ Quán, phường Chánh Hưng, phường Tân Hưng	Nhà thiếu nhi Quận 4	số 405 Hoàng Diệu, phường 2, quận 4	Nhà thiếu nhi Quận 4 số 405 Hoàng Diệu, phường 2, quận 4 	10.759179	106.6980305			  			
Vĩnh Lộc	160	Xã	167521	30.55	5483.5	Xã Vĩnh Lộc A (H. Bình Chánh)	Xã Phạm Văn Hai (H. Bình Chánh)	xã Tân Vĩnh Lộc, phường Bình Tân, xã Bà Điểm, xã Xuân Thới Sơn và tỉnh Tây Ninh	UBND xã Vĩnh Lộc A	số F7/16 Vĩnh Lộc, xã Vĩnh Lộc A, huyện Bình Chánh	UBND xã Vĩnh Lộc A số F7/16 Vĩnh Lộc, xã Vĩnh Lộc A, huyện Bình Chánh 	10.81346	106.5786221			  			
Vĩnh Tân	161	Phường	61865	61.35	1008.39	Thị trấn Tân Bình (H. Bắc Tân Uyên), Phường Vĩnh Tân (TP. Tân Uyên)		phường Bình Cơ, phường Chánh Phú Hoà, phường Hoà Lợi, phường Bình Dương, phường Tân Hiệp và xã Phước Hoà	UBND phường Vĩnh Tân	đường 742, phường Vĩnh Tân, TP.Tân Uyên	UBND phường Vĩnh Tân đường 742, phường Vĩnh Tân, TP.Tân Uyên 	11.1156601	106.7060936			  			
Vũng Tàu	162	Phường	117413	16.86	6963.99	Phường 1 (TP. Vũng Tàu), Phường 2 (TP. Vũng Tàu), Phường 3 (TP. Vũng Tàu), Phường 4 (TP. Vũng Tàu), Phường 5 (TP. Vũng Tàu), Phường Thắng Nhì (TP. Vũng Tàu), Phường Thắng Tam (TP. Vũng Tàu)		phường Tam Thắng và Biển Đông	UBND TP Vũng Tàu	số 89 Lý Thường Kiệt, phường 1, TP.Vũng Tàu	UBND TP Vũng Tàu số 89 Lý Thường Kiệt, phường 1, TP.Vũng Tàu 	10.3502593	107.0762912			  			
Vườn Lài	163	Phường	104076	1.28	81309.38	Phường 1 (Quận 10), Phường 2 (Quận 10), Phường 4 (Quận 10), Phường 9 (Quận 10), Phường 10 (Quận 10)		phường Diên Hồng, phường Hoà Hưng, phường Bàn Cờ, phường Chợ Quán và phường An Đông	UBND phường 4	số 410 - 412 Ngô Gia Tự, phường 4, quận 10	UBND phường 4 số 410 - 412 Ngô Gia Tự, phường 4, quận 10 	10.76155	106.669813			  			
Xóm Chiếu	164	Phường	57875	1.94	29832.47	Phường 13 (Quận 4), Phường 16 (Quận 4), Phường 18 (Quận 4)	Phường 15 (Quận 4)	phường Khánh Hội, phường Tân Thuận, phường Sài Gòn, phường Bến Thành và phường An Khánh	UBND quận 4	số 18 Đoàn Như Hài, phường 13, quận 4	UBND quận 4 số 18 Đoàn Như Hài, phường 13, quận 4 	10.7663304	106.7051269			  			
Xuân Hoà	165	Phường	48464	2.22	21830.63	Phường Võ Thị Sáu (Quận 3)	Phường 4 (Quận 3)	phường Nhiêu Lộc, phường Bàn Cờ, phường Tân Định, phường Sài Gòn, phường Vườn Lài, phường Phú Nhuận	UBND quận 3	số 99 - 99A Trần Quốc Thảo, phường Võ Thị Sáu, quận 3	UBND quận 3 số 99 - 99A Trần Quốc Thảo, phường Võ Thị Sáu, quận 3 	10.7828058	106.6861435			  			
Xuân Sơn	166	Xã	27368	73.81	370.79	Xã Suối Rao (H. Châu Đức), Xã Xuân Sơn (H. Châu Đức), Xã Sơn Bình (H. Châu Đức)		xã Bình Giã, xã Nghĩa Thành, xã Đất Đỏ, xã Hồ Tràm, xã Hoà Hội và xã Bàu Lâm	UBND Xã Xuân Sơn	tổ 10, thôn Xuân Tân, xã Xuân Sơn, huyện Châu Đức	UBND Xã Xuân Sơn tổ 10, thôn Xuân Tân, xã Xuân Sơn, huyện Châu Đức 	10.6470359	107.3291263			  			
Xuân Thới Sơn	167	Xã	103643	35.21	2943.57	Xã Xuân Thới Đông (H. Hóc Môn), Xã Xuân Thới Sơn (H. Hóc Môn), Xã Tân Thới Nhì (H. Hóc Môn)		xã Hóc Môn, xã Bà Điểm, xã Củ Chi và tỉnh Tây Ninh	UBND xã Xuân Thới Sơn	số 1A Lê Thị Kim, ấp 3, xã Xuân Thới Sơn, huyện Hóc Môn	UBND xã Xuân Thới Sơn số 1A Lê Thị Kim, ấp 3, xã Xuân Thới Sơn, huyện Hóc Môn 	10.8746712	106.5842113			  			
Xuyên Mộc	168	Xã	26917	102.96	261.43	Xã Bông Trang, Xã Xuyên Mộc, Xã Bưng Riềng (H. Xuyên Mộc)		xã Bình Châu, xã Hoà Hội, xã Hồ Tràm và Biển Đông	UBND Xã Bông Trang	quốc lộ 55, ấp Trang Hoàng, xã Bông Trang, huyện Xuyên Mộc	UBND Xã Bông Trang quốc lộ 55, ấp Trang Hoàng, xã Bông Trang, huyện Xuyên Mộc 	10.5532506	107.4554749			  			